0,"('群星 - 专辑《中国民乐大师纯独奏 古琴》整轨无损.flac下载地址', 'http://pan.baidu.com/s/1jGxrIr8', 'exr2')"
1,"('庄心妍 - 专辑《一直想着他》分轨无损.wav下载地址', 'http://pan.baidu.com/s/1pJMPpbl', '55wb')"
2,"('廖昌永 - 专辑《海恋》整轨无损.ape下载地址', 'http://pan.baidu.com/s/1o6ouC8y', 'ht3i')"
3,"('叶启田 - 专辑《唱的好歌全员集合》分轨无损.wav下载地址', 'http://pan.baidu.com/s/1dDoCxG1', '9xyh')"
4,"('群星 - 专辑《HiFi风情 - 海港之夜经典苏联歌曲》分轨无损.wav下载地址', 'http://pan.baidu.com/s/1kT6GxH9', '6xni')"
5,"('群星 - 专辑《Treasure.Island.Sound.UNPLUG.Unplug1》整轨无损.wav下载地址', 'http://pan.baidu.com/s/1kTiZbd9', 'ny8y')"
6,"('范逸臣 - 专辑《无乐不作 新歌+精选》整轨无损2CD.flac下载地址', 'http://pan.baidu.com/s/1kTENfWb', 'exnw')"
7,"('群星 - 专辑《极品爆棚测试天碟》分轨无损CD1.wav下载地址', 'http://pan.baidu.com/s/1dDi5uNZ', 'pgbe')"
8,"('群星 - 专辑《极品爆棚测试天碟》分轨无损CD2.wav下载地址', 'http://pan.baidu.com/s/1gdyGr7P', 'ptnj')"
9,"('群星 - 专辑《JVC-DTSCD》分轨无损.wav下载地址', 'http://pan.baidu.com/s/1jGxUodC', '6mga')"
10,"('群星 - 专辑《测试天碟--HiFi试音王》整轨无损.ape下载地址', 'http://pan.baidu.com/s/1jGKUS7O', 'uf2g')"
11,"('群星 - 专辑《悲戚情歌A》分轨无损.wav下载地址', 'http://pan.baidu.com/s/1sj2zLyl', '6ufg')"
12,"('群星 - 专辑《悲戚情歌B》分轨无损.wav下载地址', 'http://pan.baidu.com/s/1jGgtzMY', '4jsu')"
13,"('群星 - 专辑《极品人声发烧天碟·发烧试音王·女声》分轨无损.wav下载地址', 'http://pan.baidu.com/s/1c0rvcmk', '3vqx')"
14,"('群星 - 专辑《极品人声发烧天碟·发烧试音王·男声》分轨无损.wav下载地址', 'http://pan.baidu.com/s/1pJzMigz', 'w897')"
15,"('谭咏麟 - 专辑《2001-00-飞一般演唱会》整轨无损2CD.wav下载地址', 'http://pan.baidu.com/s/1dDFFGv3', 'agpb')"
16,"('谭咏麟 - 专辑《永恒的珍97金曲回归演唱会》整轨无损2CD.wav下载地址', 'http://pan.baidu.com/s/1ntzks4L', 'b7ja')"
17,"('罗海英 - 专辑《史上最美原生态女中音监听碟皇-试音罗海英》整轨无损.wav下载地址', 'http://pan.baidu.com/s/1dDc0emH', 'yvm1')"
18,"('齐秦 - 专辑《美丽境界(A Beautiful Mind)》整轨无损.wav下载地址', 'http://pan.baidu.com/s/1gdyGETd', '74nh')"
19,"('群星 - 专辑《魅声三天后①》分轨无损CD1.wav下载地址', 'http://pan.baidu.com/s/1qW87Ek0', 'gbss')"
20,"('群星 - 专辑《魅声三天后①》分轨无损CD2.wav下载地址', 'http://pan.baidu.com/s/1dDqDlzr', '6aj8')"
21,"('群星 - 专辑《魅声三天后①》分轨无损CD3.wav下载地址', 'http://pan.baidu.com/s/1c08WiXy', 'bdyq')"
22,"('群星 - 专辑《魅声三天后②》分轨无损CD1.wav下载地址', 'http://pan.baidu.com/s/1jXKF8', 'g1f2')"
23,"('群星 - 专辑《魅声三天后②》分轨无损CD2.wav下载地址', 'http://pan.baidu.com/s/1gdyGGhX', 'u42c')"
24,"('群星 - 专辑《魅声三天后②》分轨无损CD3.wav下载地址', 'http://pan.baidu.com/s/1qWkllIs', 'sifq')"
25,"('钟明秋 - 专辑《试音钟明秋》整规无损.wav下载地址', 'http://pan.baidu.com/s/1c0lpW7e', '1tev')"
26,"('群星 - 专辑《HiFi风情 - 蝴蝶泉边》分轨无损.wav下载地址', 'http://pan.baidu.com/s/1sjqpnid', 'akfv')"
27,"('陈慧娴 - 专辑《2003珍演唱会》整轨无损2CD.wav下载地址', 'http://pan.baidu.com/s/1i3JBKNV', 'vbnp')"
28,"('群星 - 专辑《HiFi风情 - 情深意长》分轨无损.wav下载地址', 'http://pan.baidu.com/s/1nt7YvDv', 'dejn')"
29,"('群星 - 专辑《极品之选 - 经典粤语老歌》分轨无损.wav下载地址', 'http://pan.baidu.com/s/1eQjQhpg', 'e54p')"
30,"('费玉清 - 专辑《国语老歌16首经典版》分轨无损.wav下载地址', 'http://pan.baidu.com/s/1mgvjkik', 's35d')"
31,"('赵照 - 专辑《大经厂》整轨无损.wav下载地址', 'http://pan.baidu.com/s/1o6xgZfO', 'gakv')"
32,"('叶欢 - 专辑《爱疯了》整轨无损.wav下载地址', 'http://pan.baidu.com/s/1hqnjRuc', 'icer')"
33,"('老狼 - 专辑《北京的冬天》整轨无损.ape下载地址', 'http://pan.baidu.com/s/1bnufEmN', 'p167')"
34,"('郑少秋 - 专辑《合唱经典》整轨无损.ape下载地址', 'http://pan.baidu.com/s/1sjA8o1Z', 'fp69')"
35,"('吴雨霏 - 专辑《Across》整轨无损.flac下载地址', 'http://pan.baidu.com/s/1pJDuinT', 'sx4f')"
36,"('邰正宵 - 专辑《重燃爱恋精选集》整轨无损.ape下载地址', 'http://pan.baidu.com/s/1qWyzcfi', 'dwfc')"
37,"('王若琳 - 专辑《The Things We Do For Love》整轨无损.wav下载地址', 'http://pan.baidu.com/s/1yR8kQ', 'cpjs')"
38,"('群星 - 专辑《HI-FI年代-青海青》分轨无损.wav下载地址', 'http://pan.baidu.com/s/1ntOnE2l', 'cg9m')"
39,"('甄妮 - 专辑《经典金曲21首珍藏版》分轨无损.wav下载地址', 'http://pan.baidu.com/s/1mgvj0ZA', '592a')"
40,"('欧翠峰 - 专辑《中国第一小号-中国名曲集》整轨无损.wav下载地址', 'http://pan.baidu.com/s/1bnbjhpl', 'vvfn')"
41,"('杨乃文 - 专辑《Silence》分轨无损.wav下载地址', 'http://pan.baidu.com/s/1gdg0F55', 'punq')"
42,"('罗大佑 - 专辑《爱人同志》分轨无损.wav下载地址', 'http://pan.baidu.com/s/1o6CG370', 'sw8x')"
43,"('林志美 - 专辑《粤语珍贵收藏》分轨无损.wav下载地址', 'http://pan.baidu.com/s/1eQyJDfk', '6xir')"
44,"('周华健 - 专辑《光阴似健1987-1997》分轨无损.wav下载地址', 'http://pan.baidu.com/s/1jGIotjo', '4wfk')"
45,"('群星 - 专辑《丹麦Jamo音响专用DTS试音碟-感受经典》分轨无损.wav下载地址', 'http://pan.baidu.com/s/1jGMsiIa', 'bdjg')"
46,"('韩红 - 专辑《红歌汇精选集》分轨无损.wav下载地址', 'http://pan.baidu.com/s/1mgMUblI', 'zrdz')"
47,"('张德兰 - 专辑《经典收藏》分轨无损.wav下载地址', 'http://pan.baidu.com/s/1o6H0xCY', 'ds5a')"
48,"('沙宝亮 - 专辑《男人好难》整轨无损.wav下载地址', 'http://pan.baidu.com/s/1hqGW9Xa', '7xva')"
49,"('萧煌奇 - 专辑《你是我的眼》整轨无损.flac下载地址', 'http://pan.baidu.com/s/1jGpirCa', 'az2u')"
50,"('韦礼安 - 专辑《首张同名全创作专辑》整轨无损.wav下载地址', 'http://pan.baidu.com/s/1jGzrEia', 'a5s4')"
51,"('关心妍 - 专辑《妍亮 Shine》整轨无损.wav下载地址', 'http://pan.baidu.com/s/1nt8Fccp', 'm42n')"
52,"('鲍家街43号 - 专辑《鲍家街43号》分轨无损.ape下载地址', 'http://pan.baidu.com/s/1Ax0DK', '2f2e')"
53,"('关牧村 - 专辑《20世纪中华歌坛名人百集珍藏版-关牧村》整轨无损.flac下载地址', 'http://pan.baidu.com/s/1gd752Sj', '2p2n')"
54,"('张学友 - 专辑《20世纪中华歌坛名人百集珍藏版-张学友》整轨无损.flac下载地址', 'http://pan.baidu.com/s/1pJOQa99', 'ckdg')"
55,"('区瑞强 - 专辑《传奇瑰宝 - 我们的粤语流行曲》分轨无损.wav下载地址', 'http://pan.baidu.com/s/1kTw7WhD', '4nvr')"
56,"('关正杰 - 专辑《同名专辑(首批限量版HQCD)》分轨无损.wav下载地址', 'http://pan.baidu.com/s/1pJwzNz9', 'serb')"
57,"('群星 - 专辑《炸10Hz- 煲机低音碟》分轨无损.wav下载地址', 'http://pan.baidu.com/s/1o6Omn82', 'ptbc')"
58,"('罗海英 - 专辑《雅拉的神奇 AQCD》整轨无损.wav下载地址', 'http://pan.baidu.com/s/1kTtQl7L', 'vumf')"
59,"('群星 - 专辑《低音提琴--发烧天碟精选》分轨无损.wav下载地址', 'http://pan.baidu.com/s/1gd2fR3t', 'cfcv')"
60,"('雷婷 - 专辑《清新民谣》整轨无损.wav下载地址', 'http://pan.baidu.com/s/1gdKwLTh', '588y')"
61,"('廖昌永 - 专辑《山丹丹花开》分轨无损.wav下载地址', 'http://pan.baidu.com/s/1o6pa7zW', 'cxic')"
62,"('欧阳菲菲 - 专辑《绝版》整轨无损.wav下载地址', 'http://pan.baidu.com/s/1sjvafWL', 'rgwp')"
63,"('朴树 - 专辑《生如夏花》整轨无损.ape下载地址', 'http://pan.baidu.com/s/1o649CBg', 'czns')"
64,"('群星 - 专辑《HIFI无极限》分轨无损.wav下载地址', 'http://pan.baidu.com/s/1dTOrs', 'y94u')"
65,"('群星 - 专辑《上海音乐家协会少女合唱团》整轨无损.ape下载地址', 'http://pan.baidu.com/s/1i3gxtpb', 'au2y')"
66,"('群星 - 专辑《HI-FI白金唱片·靓声经典》分轨无损CD1.wav下载地址', 'http://pan.baidu.com/s/1nt7ZA1F', 'a255')"
67,"('群星 - 专辑《HI-FI白金唱片·靓声经典》分轨无损CD2.wav下载地址', 'http://pan.baidu.com/s/1qWoqDOS', 'zw8m')"
68,"('Hans Zimmer - 专辑《Interstellar Original Motion Picture Soundtrack》分轨无损.flac下载地址', 'http://pan.baidu.com/s/1c08rS6c', 'rkeh')"
69,"('周传雄 - 专辑《时不知归》整轨无损.wav下载地址', 'http://pan.baidu.com/s/1o6kXaS6', 'na6h')"
70,"('吕方 - 专辑《华星二十五周年精选系列·吕方18首》整轨无损.wav下载地址', 'http://pan.baidu.com/s/1sjwwri1', '7i98')"
71,"('童安格 - 专辑《童周共聚2006Live演唱会》分轨无损.wav下载地址', 'http://pan.baidu.com/s/1gdjPzBd', 'tiv9')"
72,"('Celine Dion - 专辑《世纪典藏》整轨无损2CD.wav下载地址', 'http://pan.baidu.com/s/1i30azzf', 'xjqm')"
73,"('庾澄庆 - 专辑《原音重现·名曲精选集LIVE》整轨无损.wav下载地址', 'http://pan.baidu.com/s/1qWN2Jy0', 's663')"
74,"('张杰 - 专辑《穿越三部曲》整轨无损.ape下载地址', 'http://pan.baidu.com/s/1bn4W3c7', 'w7hz')"
75,"('戴佩妮 - 专辑《原谅我就是这样的女生》整轨无损.ape下载地址', 'http://pan.baidu.com/s/1i3GV4tn', 'sgtd')"
76,"('张震岳 - 专辑《岳慢岳快》整轨无损.ape下载地址', 'http://pan.baidu.com/s/1ntjDyD7', '7inw')"
77,"('江美琪 - 专辑《又寂寞又美丽-新歌+精选》整轨无损2CD.wav下载地址', 'http://pan.baidu.com/s/1bnpx0kf', 'cbqs')"
78,"('群星 - 专辑《HIFI 发烧天碟-世界名曲 惊世典范》整轨无损2CD.wav下载地址', 'http://pan.baidu.com/s/1bnoH9uf', 'd8by')"
79,"('凤飞飞 - 专辑《名曲精选》整轨无损.wav下载地址', 'http://pan.baidu.com/s/1c0lrKFe', 'e29w')"
80,"('许嵩 - 专辑《不如吃茶去》整轨无损.flac下载地址', 'http://pan.baidu.com/s/1gdjjSqR', 'p4rm')"
81,"('张敬轩 - 专辑《MORPH》分轨无损.flac下载地址', 'http://pan.baidu.com/s/1kTkxDQn', '27ra')"
82,"('吉克隽逸 - 专辑《即刻出发 北京演唱会Live[21首完整版]》分轨无损.flac下载地址', 'http://pan.baidu.com/s/1hqm5DNA', '2m23')"
83,"('温拿乐队 - 专辑《温拿25周年演唱会》整轨无损2CD.wav下载地址', 'http://pan.baidu.com/s/1i3GpTZZ', 'sjhv')"
84,"('关喆 - 专辑《寂寞》分轨无损.flac下载地址', 'http://pan.baidu.com/s/1mgpfyxM', '8btv')"
85,"('Glen Hansard - 专辑《Once (OST) (Collectors Edition)》分轨无损.flac下载地址', 'http://pan.baidu.com/s/1ntthn8P', 'hb14')"
86,"('张学友 - 专辑《友情翻唱》分轨无损3CD.wav下载地址', 'http://pan.baidu.com/s/1gdjQeyB', 'uiuk')"
87,"('李玖哲 - 专辑《不,完美》整轨无损.ape下载地址', 'http://pan.baidu.com/s/1i33yPgT', '88mp')"
88,"('许佳慧 - 专辑《独家情话》整轨无损.wav下载地址', 'http://pan.baidu.com/s/1o6kXOZw', 'pimv')"
89,"('群星 - 专辑《假如爱有天意-原声带》整轨无损.ape下载地址', 'http://pan.baidu.com/s/1dDnsjML', 'ipjn')"
90,"('许哲佩 - 专辑《奇幻精品店》整轨无损.ape下载地址', 'http://pan.baidu.com/s/1mIrGa', 'b9qp')"
91,"('张国荣 - 专辑《SALUTE》整轨无损.ape下载地址', 'http://pan.baidu.com/s/1pJOl7XD', 'q3i3')"
92,"('群星 - 专辑《80年代校园民歌珍藏版》分轨无损5CD.flac下载地址', 'http://pan.baidu.com/s/1nt1Vabf', 'm6vw')"
93,"('洪卓立 - 专辑《透视》整轨无损.ape下载地址', 'http://pan.baidu.com/s/1gdKyi3L', 'xvny')"
94,"('黄贯中 - 专辑《A小调协奏曲》整轨无损.wav下载地址', 'http://pan.baidu.com/s/1sjl7QRr', 'qdis')"
95,"('群星 - 专辑《裸音-声发烧极品示范天碟》分轨无损.wav下载地址', 'http://pan.baidu.com/s/1jG2HmUM', 'hx9u')"
96,"('群星 - 专辑《电影港囧经典粤语插曲15首》分轨无损.ape下载地址', 'http://pan.baidu.com/s/1lwEdg', 'kexb')"
97,"('郑源 - 专辑《兄弟一条心》整轨无损.wav下载地址', 'http://pan.baidu.com/s/1jGEmAMi', 'nxjt')"
98,"('阿肆 - 专辑《预谋邂逅》整轨无损.wav下载地址', 'http://pan.baidu.com/s/1c0whVUS', 'ypfi')"
99,"('群星 - 专辑《DTS-全方位360环绕丰田霸道高保真》分轨无损.wav下载地址', 'http://pan.baidu.com/s/1jGq6jT8', 'verf')"
100,"('Green Day - 专辑《21st Century Breakdown》分轨无损.flac下载地址', 'http://pan.baidu.com/s/1gdHGB1D', 'mj7i')"
101,"('范逸臣 - 专辑《摇滚吧,情歌!》整轨无损.wav下载地址', 'http://pan.baidu.com/s/1dD0PFUh', 'trvp')"
102,"('朱哲琴 - 专辑《央金玛》整轨无损.ape下载地址', 'http://pan.baidu.com/s/1gd11JSf', 'abu1')"
103,"('群星 - 专辑《中国民乐大师纯独奏 琵琶》整轨无损.flac下载地址', 'http://pan.baidu.com/s/1miv26wC', 'ddhj')"
104,"('陈洁仪 - 专辑《甜润娇美的歌声》分轨无损.wav下载地址', 'http://pan.baidu.com/s/1jGhcRp8', 'deq4')"
105,"('群星 - 专辑《中国民乐大师纯独奏 扬琴》整轨无损.flac下载地址', 'http://pan.baidu.com/s/1dEFgwvB', 'kc5f')"
106,"('玉置浩二 - 专辑《酒红色的心》整轨无损.ape下载地址', 'http://pan.baidu.com/s/1gdIwPmN', 'tixj')"
107,"('群星 - 专辑《中国民乐大师纯独奏 二胡》整轨无损.flac下载地址', 'http://pan.baidu.com/s/1pKH1Ubx', 'mw0n')"
108,"('群星 - 专辑《中国民乐大师纯独奏 江南丝竹》整轨无损.flac下载地址', 'http://pan.baidu.com/s/1dDfRu6H', '61n2')"
109,"('张智成 - 专辑《搜藏张智成(新歌+精选)》整轨无损.wav下载地址', 'http://pan.baidu.com/s/1qW2513u', 'arb8')"
110,"('群星 - 专辑《中国民乐大师纯独奏 吉他》整轨无损.flac下载地址', 'http://pan.baidu.com/s/1gdEZkCN', 'jkba')"
111,"('许美静 - 专辑《静听精彩13首》分轨无损.wav下载地址', 'http://pan.baidu.com/s/1i3B7mW9', 'x7mp')"
112,"('群星 - 专辑《中国民乐大师纯独奏 巴乌》整轨无损.flac下载地址', 'http://pan.baidu.com/s/1jG5zFdc', 'c1dd')"
113,"('杨曼莉 - 专辑《淡淡幽情》整轨无损.wav下载地址', 'http://pan.baidu.com/s/1bnhX0Jl', 'w3a2')"
114,"('李翊君 - 专辑《重生》整轨无损.wav下载地址', 'http://pan.baidu.com/s/1gdwIxKB', 'q8un')"
115,"('呼斯楞 - 专辑《塞北·鸿雁》整轨无损.wav下载地址', 'http://pan.baidu.com/s/1gdfh3f9', 'bnuu')"
116,"('墨明棋妙 - 专辑《千山梦》整轨无损.ape下载地址', 'http://pan.baidu.com/s/1pJ8D0jL', 'kci9')"
117,"('群星 - 专辑《中国民乐大师纯独奏 唢呐》整轨无损.flac下载地址', 'http://pan.baidu.com/s/1kTD5t7x', 'cv5x')"
118,"('吉田洁 - 专辑《日本人はるかな旅》整轨无损.flac下载地址', 'http://pan.baidu.com/s/1i3roSZF', 'w14u')"
119,"('赵媛 - 专辑《东方美》整轨无损.wav下载地址', 'http://pan.baidu.com/s/1bUa1C', 'e15a')"
120,"('降央卓玛 - 专辑《监听王NO.1》整轨无损.wav下载地址', 'http://pan.baidu.com/s/1i3Ioqs1', '4frj')"
121,"('后街男孩 - 专辑《精选集》整轨无损.ape下载地址', 'http://pan.baidu.com/s/1kT9vXzx', 'x935')"
122,"('群星 - 专辑《民乐协奏轻音乐集》整轨无损2CD.flac下载地址', 'http://pan.baidu.com/s/1hqgvdTq', 'jri5')"
123,"('群星 - 专辑《美国乡村歌曲-经典民谣》分轨无损.flac下载地址', 'http://pan.baidu.com/s/1dDwF9oX', 'hnes')"
124,"('陈松伶 - 专辑《天涯歌女》分轨无损.wav下载地址', 'http://pan.baidu.com/s/1gd4ItiF', '8d6t')"
125,"('毛阿敏 - 专辑《时光的回声》整轨无损.wav下载地址', 'http://pan.baidu.com/s/1dDdbrHJ', '6cvn')"
126,"('群星 - 专辑《典范女声 情歌.试音王》分轨无损.wav下载地址', 'http://pan.baidu.com/s/1pJzH65P', 'cwcb')"
127,"('群星 - 专辑《森海塞尔耳机示范盘》分轨无损.wav下载地址', 'http://pan.baidu.com/s/1jG7Zm8A', '53pv')"
128,"('群星 - 专辑《八度空间 高级音响专用环绕声测试碟》分轨无损.wav下载地址', 'http://pan.baidu.com/s/1i35Z6O9', 't6n6')"
129,"('群星 - 专辑《音响之道Ⅱ》分轨无损.wav下载地址', 'http://pan.baidu.com/s/1dD73DtB', 'xbq9')"
130,"('杨钰莹 - 专辑《妈妈留给我一首歌》分轨无损.ape下载地址', 'http://pan.baidu.com/s/1ntrEu8p', 'fhfa')"
131,"('赛音吉雅 - 专辑《初升的太阳》分轨无损.wav下载地址', 'http://pan.baidu.com/s/1o687rOe', 'wba8')"
132,"('群星 - 专辑《大提琴小夜曲春之歌》分轨无损.wav下载地址', 'http://pan.baidu.com/s/1mgMO8ru', 'wtmg')"
133,"('龙飘飘 - 专辑《又是细雨》整轨无损2CD.wav下载地址', 'http://pan.baidu.com/s/18VPWq', 'nef2')"
134,"('邓紫棋 - 专辑《试音邓紫棋》分轨无损.wav下载地址', 'http://pan.baidu.com/s/1pLM1b67', 'ziwr')"
135,"('邝美云 - 专辑《环球DSD视听之王》整轨无损.ape下载地址', 'http://pan.baidu.com/s/1o65jDME', 'f3m8')"
136,"('群星 - 专辑《原声大碟 - 放牛班的春天》分轨无损.flac下载地址', 'http://pan.baidu.com/s/1eQGVwh8', '8nri')"
137,"('群星 - 专辑《发烧界最为自然的极品天碟-绝对主角》整轨无损.ape下载地址', 'http://pan.baidu.com/s/1dD0cyIH', 'yngm')"
138,"('倪雅丰 - 专辑《樱桃女声》整轨.wav下载地址', 'http://pan.baidu.com/s/1eQGp3to', 'r4w9')"
139,"('群星 - 专辑《龙源天碟》分轨无损.wav下载地址', 'http://pan.baidu.com/s/1c0tYPc0', 'inmp')"
140,"('罗文 - 专辑《金曲精选十六首》分轨无损.wav下载地址', 'http://pan.baidu.com/s/1c0ErGqs', 'qen7')"
141,"('梁朝伟 - 专辑《难以忘记的你》分轨无损.wav下载地址', 'http://pan.baidu.com/s/1dDD9HOt', 'eky4')"
142,"('群星 - 专辑《春芽(63首世界名曲联奏)》整轨无损2CD.ape下载地址', 'http://pan.baidu.com/s/1dD4MtKd', 'v5ik')"
143,"('刘紫玲 - 专辑《风花雪月》分轨无损.wav下载地址', 'http://pan.baidu.com/s/1qWl3dLU', '7fhw')"
144,"('好妹妹乐队 - 专辑《春生》分轨无损.ape下载地址', 'http://pan.baidu.com/s/1c0g1UiW', '3buw')"
145,"('金莎 - 专辑《他不爱我》整轨无损.wav下载地址', 'http://pan.baidu.com/s/1pJKHhyz', 'r2vq')"
146,"('彭佳慧 - 专辑《说真心话》整轨无损.ape下载地址', 'http://pan.baidu.com/s/1pJ42fdL', 'wy73')"
147,"('群星 - 专辑《马头琴传说》分轨无损.wav下载地址', 'http://pan.baidu.com/s/1dDxuZeh', 'jxrj')"
148,"('邓丽君 - 专辑《水上人》整轨无损.wav下载地址', 'http://pan.baidu.com/s/1jG1o7wq', '89kh')"
149,"('费翔 - 专辑《跨越四海的歌声》分轨无损.wav下载地址', 'http://pan.baidu.com/s/1o6N1hQ6', 'gd9v')"
150,"('丽江小倩 - 专辑《温暖你》整轨无损.wav下载地址', 'http://pan.baidu.com/s/1c0IvN3q', 'twcq')"
151,"('群星 - 专辑《高烧40度-HIFI人声》整轨无损.wav下载地址', 'http://pan.baidu.com/s/1c0fMpH2', 'swgr')"
152,"('许冠杰 - 专辑《新的开始》整轨无损.wav下载地址', 'http://pan.baidu.com/s/1o6Kd0j4', 'kjyb')"
153,"('群星 - 专辑《柏菲历年精选作品-煲机集》分轨无损.wav下载地址', 'http://pan.baidu.com/s/1hqiwbh6', '9z2d')"
154,"('叶凡 - 专辑《相思(绝版纪念专辑)》整轨无损.wav下载地址', 'http://pan.baidu.com/s/1dD8Q2eH', 't97p')"
155,"('群星 - 专辑《有你不寂寞 HIFI发烧人声》分轨无损2CD.wav下载地址', 'http://pan.baidu.com/s/1o6CBZmy', 'iii9')"
156,"('Michael Jackson - 专辑《独一无二(Number Ones)》整轨无损.wav下载地址', 'http://pan.baidu.com/s/1gd3wLSB', '5gri')"
157,"('群星 - 专辑《原声大碟-醉乡民谣》分轨无损.flac下载地址', 'http://pan.baidu.com/s/1eQrnA6m', 'a1ka')"
158,"('群星 - 专辑《震撼人心的鼓声.十鼓》整轨无损.ape下载地址', 'http://pan.baidu.com/s/1hqEQiLe', '4qcn')"
159,"('伽菲珈而 - 专辑《金嗓子》分轨无损.wav下载地址', 'http://pan.baidu.com/s/1dDzxprN', 'fs5f')"
160,"('Enya - 专辑《The.Very.Best.Of.Enya》分轨无损.flac下载地址', 'http://pan.baidu.com/s/1eQjgmae', 'u277')"
161,"('群星 - 专辑《速度与激情7》电影原声带分轨无损.flac下载地址', 'http://pan.baidu.com/s/1i33YPF3', '5unc')"
162,"('罗文 - 专辑《情系佛罗内斯》整轨无损.ape下载地址', 'http://pan.baidu.com/s/1pJwveqv', 'zb2m')"
163,"('Era - 专辑《The Mass(弥撒)》分轨无损.wav下载地址', 'http://pan.baidu.com/s/1qWvDmOk', '32aa')"
164,"('Josh Groban - 专辑《With You》分轨无损.flac下载地址', 'http://pan.baidu.com/s/1pJ3gP9x', 'n1xy')"
165,"('Leonard Cohen - 专辑《Ten New Songs》整轨无损.wav下载地址', 'http://pan.baidu.com/s/1c06leow', '8q49')"
166,"('Aaron Neville - 专辑《Warm Your Heart》分轨无损.wav下载地址', 'http://pan.baidu.com/s/14nvlk', '8vbz')"
167,"('龙梅子 - 专辑《情歌继续唱》分轨无损.wav下载地址', 'http://pan.baidu.com/s/1i31XjVZ', 'padq')"
168,"('Modern Talking - 专辑《The Final Album 终极精选辑》分轨无损.wav下载地址', 'http://pan.baidu.com/s/1kTy5tzh', 'jz8m')"
169,"('Giovanni Marradi - 专辑《随风 夜莺之歌》分轨无损.wav下载地址', 'http://pan.baidu.com/s/1i3vRAEL', 'zwdw')"
170,"('Enigma - 专辑《The Cross Of Changes》整轨无损.wav下载地址', 'http://pan.baidu.com/s/1i3iu7w5', 'u47e')"
171,"('Secret Garden - 专辑《Dreamcatcher》分轨无损.wav下载地址', 'http://pan.baidu.com/s/1i3iu70x', '7xdb')"
172,"('Within Temptation - 专辑《The Heart Of Everything》整轨无损.ape下载地址', 'http://pan.baidu.com/s/1i3gYElJ', 'mu5u')"
173,"('雷婷 - 专辑《监听王》分轨无损.wav下载地址', 'http://pan.baidu.com/s/1jGvPG2q', 'mv6d')"
174,"('Britney Spears - 专辑《Blackout》整轨无损.wav下载地址', 'http://pan.baidu.com/s/1dD6jz01', '912w')"
175,"('南拳妈妈 - 专辑《2号餐》整轨无损.wav下载地址', 'http://pan.baidu.com/s/1o6CCCoa', 'u8ni')"
176,"('Hans Zimmer - 专辑《Inception》电影盗梦空间原声带整轨无损.ape下载地址', 'http://pan.baidu.com/s/1ccRD2e', '0b7l')"
177,"('ZARD - 专辑《Today Is Another Day》整轨无损.ape下载地址', 'http://pan.baidu.com/s/1mgzP4E0', 'iu1g')"
178,"('T.R.Y - 专辑《火花》分轨无损.flac下载地址', 'http://pan.baidu.com/s/1qWkiwMS', '62c9')"
179,"('群星 - 专辑《中国交响诗-洪湖赤卫队》整轨无损.flac下载地址', 'http://pan.baidu.com/s/1sjOHSXR', 'uts8')"
180,"('Scorpions - 专辑《In Trance Reissue》整轨无损.wav下载地址', 'http://pan.baidu.com/s/115WnW', 'jnk9')"
181,"('东方红艳 - 专辑《草原迷情》整轨无损.wav下载地址', 'http://pan.baidu.com/s/1bn0hVP1', 'f8h2')"
182,"('Toni Braxton - 专辑《More Than A Woman》整轨无损.ape下载地址', 'http://pan.baidu.com/s/1c0yekes', 'rzq2')"
183,"('Twins - 专辑《我们的纪念册》整轨无损.ape下载地址', 'http://pan.baidu.com/s/1dDezvPn', 'yi49')"
184,"('许志安 - 专辑《男人的感慨》整轨无损.ape下载地址', 'http://pan.baidu.com/s/1jG1VKc2', 'zr4j')"
185,"('莫扎特 - 专辑《小提琴协奏曲DSD》整轨无损2CD.wav下载地址', 'http://pan.baidu.com/s/1c0z0n3E', '77bf')"
186,"('Imagine Dragons - 专辑《Smoke + Mirrors》 分轨无损2CD.flac下载地址', 'http://pan.baidu.com/s/1i39zzcp', '9bn2')"
187,"('勤琴 - 专辑《习惯》整轨无损.flac下载地址', 'http://pan.baidu.com/s/1i3s42sl', '8fq7')"
188,"('李知恩 - 专辑《花书签》分轨无损.ape下载地址', 'http://pan.baidu.com/s/1gdev0Fx', 'qr1p')"
189,"('范宗沛 - 专辑《水色》整轨无损.flac下载地址', 'http://pan.baidu.com/s/1eQ51RqE', 'd4ky')"
190,"('范宗沛 - 专辑《范宗沛与孽子》整轨无损.ape下载地址', 'http://pan.baidu.com/s/1nva4FYp', 'vhat')"
191,"('Lacrimosa - 专辑《Elodia》整轨无损.wav下载地址', 'http://pan.baidu.com/s/1qWHYOfq', 'hsek')"
192,"('莫文蔚 - 专辑《不散，不见》整轨无损.wav下载地址', 'http://pan.baidu.com/s/1kTIOTsb', 'psn5')"
193,"('庄心妍 - 专辑《情歌天后》整轨无损2CD.wav下载地址', 'http://pan.baidu.com/s/1eQCTCHG', 'ece9')"
194,"('李玟 - 专辑《Promise》整轨无损.ape下载地址', 'http://pan.baidu.com/s/1bnfPGWv', 'wmbn')"
195,"('张燕 - 专辑《月亮女儿》整轨无损.wav下载地址', 'http://pan.baidu.com/s/1hqtmKtu', '456h')"
196,"('黑鸭子 - 专辑《难忘的朝鲜时代》整轨无损.wav下载地址', 'http://pan.baidu.com/s/1eQljswM', 'pv3q')"
197,"('黑鸭子 - 专辑《难忘的苏联时代》整轨无损.ape下载地址', 'http://pan.baidu.com/s/1i3yA1UH', '6mft')"
198,"('孙耀威 - 专辑《爱 其实》整轨无损.wav下载地址', 'http://pan.baidu.com/s/1i32Es7N', '95ie')"
199,"('王崴 - 专辑《万琴之王》整轨无损.wav下载地址', 'http://pan.baidu.com/s/1sjHreg9', 'pb31')"
200,"('张靓颖 - 专辑《Dear.Jane》整轨无损.ape下载地址', 'http://pan.baidu.com/s/1eQjhGlW', 'jqsb')"
201,"('谢霆锋 - 专辑《零距离》整轨无损.ape下载地址', 'http://pan.baidu.com/s/1bnbgrb5', 'c4eh')"
202,"('梁静茹 - 专辑《恋爱的力量》分轨无损.flac下载地址', 'http://pan.baidu.com/s/1dDzyMMP', 'fxgh')"
203,"('张国荣 - 专辑《一切随风》整轨无损.ape下载地址', 'http://pan.baidu.com/s/1bn14NQf', 'gr2u')"
204,"('王崴 - 专辑《万琴之王2》整轨无损.wav下载地址', 'http://pan.baidu.com/s/1qWMJbhM', '25zt')"
205,"('王崴 - 专辑《衡》整轨无损.flac下载地址', 'http://pan.baidu.com/s/1qW5iiAg', 'e3nk')"
206,"('南方二重唱 - 专辑《金选辑》整轨无损.wav下载地址', 'http://pan.baidu.com/s/16W56e', '8kd7')"
207,"('王崴 - 专辑《梦界Dreamland》整轨无损.wav下载地址', 'http://pan.baidu.com/s/1kTrfvc7', 'kh2b')"
208,"('邓丽欣 - 专辑《Dating.Stephy》整轨无损.flac下载地址', 'http://pan.baidu.com/s/1bnlpWXD', 'e9dj')"
209,"('Lady GaGa - 专辑《The.Remix》分轨无损.flac下载地址', 'http://pan.baidu.com/s/1hqxrboS', 'pasi')"
210,"('王崴 - 专辑《爵士听堂.蓝色波萨》整轨无损.wav下载地址', 'http://pan.baidu.com/s/1jGrhwSe', 'xyid')"
211,"('莫尔根 - 专辑《察汗淖尔》分轨无损.ape下载地址', 'http://pan.baidu.com/s/1gdvrrAr', '256d')"
212,"('刘紫玲 - 专辑《传奇》整轨无损.ape下载地址', 'http://pan.baidu.com/s/1ntMj3Gd', 'suq5')"
213,"('群星 - 专辑《葫芦丝演奏·竹楼情歌》分轨无损.wav下载地址', 'http://pan.baidu.com/s/1hqIqaJ6', 'dby4')"
214,"('王崴 - 专辑《水墨流觞》整轨无损.flac下载地址', 'http://pan.baidu.com/s/1sjKF3OD', 'j7ay')"
215,"('Yanni - 专辑《Chameleon Days》整轨无损.ape下载地址', 'http://pan.baidu.com/s/1mi4rj6o', 'waqf')"
216,"('刘紫玲 - 专辑《重温旧梦》整轨无损.wav下载地址', 'http://pan.baidu.com/s/1kTrfEa7', 'ad3r')"
217,"('刘紫玲 - 专辑《电影之歌》整轨无损.ape下载地址', 'http://pan.baidu.com/s/1ntkVWYd', 'uyaw')"
218,"('王崴 - 专辑《情歌钢琴 欧美经典》整轨无损.wav下载地址', 'http://pan.baidu.com/s/1pJML9Dx', '948y')"
219,"('刘紫玲 - 专辑《电影之歌2》整轨无损.ape下载地址', 'http://pan.baidu.com/s/1gd0Hrmr', 'nnvv')"
220,"('张明敏 - 专辑《校园民歌》整轨无损.wav下载地址', 'http://pan.baidu.com/s/1ntMjL37', 'ntmt')"
221,"('刘紫玲 - 专辑《电影之歌3》整轨无损.ape下载地址', 'http://pan.baidu.com/s/1mgH2jqC', '821u')"
222,"('群星 - 专辑《广州高级音响展珍藏版》整轨无损.wav下载地址', 'http://pan.baidu.com/s/1nty3vxn', '7h2g')"
223,"('刘紫玲 - 专辑《柔情蜜语》分轨无损.wav下载地址', 'http://pan.baidu.com/s/1pJopSyn', '6qnr')"
224,"('Maroon 5 - 专辑《Overexposed (Deluxe Edition)》整轨无损.flac下载地址', 'http://pan.baidu.com/s/1gf9ShFl', '7n2d')"
225,"('辛晓琪 - 专辑《女人何苦为难女人》整轨无损.ape下载地址', 'http://pan.baidu.com/s/1o668R9K', 'tbka')"
226,"('哈琳 - 专辑《蒙古天韵II》整轨无损.wav下载地址', 'http://pan.baidu.com/s/1o6KMd42', 'gim9')"
227,"('汪明荃 - 专辑《金曲精选》整轨无损.ape下载地址', 'http://pan.baidu.com/s/1gdxZLHh', '23cq')"
228,"('邓丽君 - 专辑《日本东京NHK演唱会》分轨无损.wav下载地址', 'http://pan.baidu.com/s/1bndjoE7', 'tct9')"
229,"('Mariah Carey - 专辑《Merry.Christmas.2005.Edition》整轨无损.ape下载地址', 'http://pan.baidu.com/s/1bne5nDP', 'hz3h')"
230,"('吴若希 - 专辑《越难越爱 Love Collection 精选》整轨无损.wav下载地址', 'http://pan.baidu.com/s/1jGpgrKM', 's6m3')"
231,"('林志炫 - 专辑《超炫精选》整轨无损.wav下载地址', 'http://pan.baidu.com/s/1i3w9QAx', 'uujk')"
232,"('群星 - 专辑《达尼测试碟 The Dali - 3》整轨无损.wav下载地址', 'http://pan.baidu.com/s/1c0nqJXQ', '8xxs')"
233,"('马頔 - 专辑《孤岛》整轨无损.wav下载地址', 'http://pan.baidu.com/s/1c0ArxrM', 'enre')"
234,"('Paul Mauriat - 专辑《经典作品集》整轨无损2CD.wav下载地址', 'http://pan.baidu.com/s/1g9sZk', 'ydt4')"
235,"('李圣杰 - 专辑《原谅我没有说》整轨无损.flac下载地址', 'http://pan.baidu.com/s/1G1gWA', 'mgxi')"
236,"('区瑞强 - 专辑《传奇瑰宝 我们的粤语流行曲》分轨无损.wav下载地址', 'http://pan.baidu.com/s/1dDhPl2h', 'vk7c')"
237,"('群星 - 专辑《发烧中的精选》分轨无损.wav下载地址', 'http://pan.baidu.com/s/1gdvsqav', 'd47g')"
238,"('八只眼 - 专辑《青叶城之恋》整轨无损.wav下载地址', 'http://pan.baidu.com/s/1hq5zHq8', 'kfvu')"
239,"('梁铭越 - 专辑《成吉思汗的梦》整轨无损.ape下载地址', 'http://pan.baidu.com/s/1eQ2LUqY', 'niei')"
240,"('陈晓东 - 专辑《Love Moments》整轨无损.flac下载地址', 'http://pan.baidu.com/s/1sjwVcUp', 'muwb')"
241,"('胡夏 - 专辑《傻瓜探戈》整轨无损.wav下载地址', 'http://pan.baidu.com/s/1jGL5sQ6', '5amy')"
242,"('群星 - 专辑《蓝光直灌 醇声美影》分轨无损.wav下载地址', 'http://pan.baidu.com/s/1hqBzBqk', '59ct')"
243,"('李志 - 专辑《勾三搭四》分轨无损.flac下载地址', 'http://pan.baidu.com/s/1c0B7vVE', 'y5e9')"
244,"('朴树 - 专辑《我去2000年》整轨无损.flac下载地址', 'http://pan.baidu.com/s/1sj2sRnf', '5mwi')"
245,"('群星 - 专辑《发烧碟霸·品专录》分轨无损.wav下载地址', 'http://pan.baidu.com/s/1bntr3Y3', 'hbyi')"
246,"('群星 - 专辑《中国第一试音天碟》整轨无损.wav下载地址', 'http://pan.baidu.com/s/1eQ6cFNO', 'nwuw')"
247,"('群星 - 专辑《奔驰S级轿车试音碟》分轨无损.wav下载地址', 'http://pan.baidu.com/s/1jG488OA', 't6r5')"
248,"('群星 - 专辑《草原神鹰》分轨无损.wav下载地址', 'http://pan.baidu.com/s/1eQq3Euu', '3re6')"
249,"('群星 - 专辑《妩媚妙音》分轨无损.wav下载地址', 'http://pan.baidu.com/s/1jGvLkWm', '47pn')"
250,"('群星 - 专辑《发烧男人》分轨无损.wav下载地址', 'http://pan.baidu.com/s/1gd5uJrt', 'jktq')"
251,"('群星 - 专辑《爱上瘾》分轨无损.wav下载地址', 'http://pan.baidu.com/s/1hqishX6', 'hpf8')"
252,"('林忆莲 - 专辑《滚石香港黄金十年系列-林忆莲精选》整轨无损.ape下载地址', 'http://pan.baidu.com/s/1mgHvViK', 'x3wa')"
253,"('石进 - 专辑《夜的钢琴曲》分轨无损.wav下载地址', 'http://pan.baidu.com/s/1kT8A2GJ', '5vxp')"
254,"('群星 - 专辑《穿透你的耳朵》分轨无损.wav下载地址', 'http://pan.baidu.com/s/1mgmTMnI', '5e9i')"
255,"('童丽 - 专辑《试音童丽》分轨无损.wav下载地址', 'http://pan.baidu.com/s/1c0xZ15I', '95ry')"
256,"('张崇基 - 专辑《二人之重唱》分轨无损.wav下载地址', 'http://pan.baidu.com/s/1i34APKD', 'uqx8')"
257,"('杜雯媞 - 专辑《孤独的乐章》整轨无损.wav下载地址', 'http://pan.baidu.com/s/1kTnBOOZ', '8he7')"
258,"('群星 - 专辑《世界级录音 夜阑人静》分轨无损.wav下载地址', 'http://pan.baidu.com/s/1dDrRQPr', '1ide')"
259,"('群星 - 专辑《不该看你的眼神》分轨无损.wav下载地址', 'http://pan.baidu.com/s/1dDyD2q1', '3jqw')"
260,"('苏慧伦 - 专辑《滚石香港黄金十年系列-苏慧伦精选》整轨无损.ape下载地址', 'http://pan.baidu.com/s/1i3vh6mh', 'aqin')"
261,"('赵鹏 - 专辑《涂鸦低音炮》整轨无损.wav下载地址', 'http://pan.baidu.com/s/1dD92PNV', 'rq9x')"
262,"('动力火车 - 专辑《就是红辉煌全记录》整轨无损2CD.ape下载地址', 'http://pan.baidu.com/s/1pJojMAn', '2bfd')"
263,"('郭静 - 专辑《陪着我的时候想着她》整轨无损.flac下载地址', 'http://pan.baidu.com/s/1o6MbNAE', 'nyay')"
264,"('群星 - 专辑《终极耳机测试精选》分轨无损.wav下载地址', 'http://pan.baidu.com/s/1qWoNLN2', 'j27b')"
265,"('群星 - 专辑《当经典遇上发烧》整轨无损.wav下载地址', 'http://pan.baidu.com/s/1i3iq5P7', 'erer')"
266,"('群星 - 专辑《万籁之声》整轨无损.wav下载地址', 'http://pan.baidu.com/s/10fC8u', '7hs7')"
267,"('张玮伽 - 专辑《无情伤》分轨无损.wav下载地址', 'http://pan.baidu.com/s/1i31Tuvz', 'yq2e')"
268,"('李泉 - 专辑《心世界》整轨无损.flac下载地址', 'http://pan.baidu.com/s/1bn6juMj', 'ntyy')"
269,"('群星 - 专辑《非常浪漫-对唱》分轨无损.wav下载地址', 'http://pan.baidu.com/s/1pJ1bi0F', '8ybu')"
270,"('群星 - 专辑《情满江南》分轨无损.wav下载地址', 'http://pan.baidu.com/s/1o6Jug4M', 'urv4')"
271,"('曹芙嘉 - 专辑《寂寞的叹息·月光之花》分轨无损.wav下载地址', 'http://pan.baidu.com/s/1hqlG1xy', '2hbc')"
272,"('群星 - 专辑《金色大厅音箱测试壹号》整轨无损.wav下载地址', 'http://pan.baidu.com/s/1kTpEee7', 'wfbv')"
273,"('群星 - 专辑《一人一首主打歌 试音极品》分轨无损.wav下载地址', 'http://pan.baidu.com/s/1dD8NjOX', '4gct')"
274,"('群星 - 专辑《漫步者试音碟》整轨无损.wav下载地址', 'http://pan.baidu.com/s/1ntA8LPf', 'w82j')"
275,"('群星 - 专辑《霹雳闪电》分轨无损.wav下载地址', 'http://pan.baidu.com/s/1c0tqlXI', 'w9yv')"
276,"('群星 - 专辑《珍品蓝光直灌DTS-HD倾情回眸试音典范》分轨无损.wav下载地址', 'http://pan.baidu.com/s/1oA8iE', 'bzzh')"
277,"('李荣浩 - 专辑《李荣浩同名专辑》整轨无损.wav下载地址', 'http://pan.baidu.com/s/1sjQFJVR', 'y7fh')"
278,"('贺西格 - 专辑《白驹》整轨无损.ape下载地址', 'http://pan.baidu.com/s/1i3pIxa1', '5fxd')"
279,"('陈小平 - 专辑《彻夜未眠》整轨无损.wav下载地址', 'http://pan.baidu.com/s/1bnyId9H', 'svqf')"
280,"('群星 - 专辑《法国劲浪原厂测试碟》整轨无损.ape下载地址', 'http://pan.baidu.com/s/1mgkmBlY', 'vbgx')"
281,"('群星 - 专辑《人声盛宴》整轨无损.wav下载地址', 'http://pan.baidu.com/s/1nt3NyfZ', 'xpi9')"
282,"('群星 - 专辑《漂亮姑娘伤不起》分轨无损.wav下载地址', 'http://pan.baidu.com/s/1mgzfFni', 'eaya')"
283,"('刘德华 - 专辑《暖暖柔情粤语精选》整轨无损.wav下载地址', 'http://pan.baidu.com/s/1sj1DwCl', '83sx')"
284,"('群星 - 专辑《校园民歌-光阴的故事》整轨无损.wav下载地址', 'http://pan.baidu.com/s/1bnnmTFT', 'gddq')"
285,"('群星 - 专辑《烧伤级精选-情歌毒药》整轨无损.wav下载地址', 'http://pan.baidu.com/s/1i3xjZ3R', 'ih6m')"
286,"('丽江小倩 - 专辑《迎风飞扬》整轨无损2CD.wav下载地址', 'http://pan.baidu.com/s/1c0fJu16', 'qj11')"
287,"('群星 - 专辑《在乎你每分每秒》整轨无损.wav下载地址', 'http://pan.baidu.com/s/1jGrIybG', '6z1w')"
288,"('群星 - 专辑《倾情回响》分轨无损.wav下载地址', 'http://pan.baidu.com/s/1mgikSWC', 'qteg')"
289,"('群星 - 专辑《汽车音响测试天碟 - 一路平安》分轨无损.wav下载地址', 'http://pan.baidu.com/s/1jGCHj0q', 'ratj')"
290,"('群星 - 专辑《劲爆英文DJ》分轨无损.wav下载地址', 'http://pan.baidu.com/s/1sjC2UkP', '64aw')"
291,"('梦之旅 - 专辑《金正限量版试音碟》整轨无损.wav下载地址', 'http://pan.baidu.com/s/1eQjdils', 'hkyg')"
292,"('A-Lin - 专辑《天生歌姬》整轨无损2CD.wav下载地址', 'http://pan.baidu.com/s/1sjn0641', '9qa9')"
293,"('雷婷 - 专辑《醉声梦色》分轨无损.wav下载地址', 'http://pan.baidu.com/s/1mgIcOOw', 'x7ht')"
294,"('赵季平 - 专辑《Chinese.Film.Score.Anthology》分轨无损.ape下载地址', 'http://pan.baidu.com/s/1c0yayM8', 'muuk')"
295,"('王菀之 - 专辑《晴歌集》分轨无损.flac下载地址', 'http://pan.baidu.com/s/1mgtayQ8', 'xkhw')"
296,"('李寿全 - 专辑《8又二分之一》整轨无损.wav下载地址', 'http://pan.baidu.com/s/1ntHuWkT', 'h64j')"
297,"('群星 - 专辑《远去的村庄》分轨无损.wav下载地址', 'http://pan.baidu.com/s/1sjkIIZz', '7ct2')"
298,"('李志辉 - 专辑《李志辉作品精选集 限量珍藏版》整轨无损2CD.wav下载地址', 'http://pan.baidu.com/s/1jGgnuom', 'zym4')"
299,"('雨天 - 专辑《三世缘》分轨无损.wav下载地址', 'http://pan.baidu.com/s/1jGh9oyU', '2r2a')"
300,"('谭咏麟 - 专辑《谭咏麟精选》整轨无损.wav下载地址', 'http://pan.baidu.com/s/1hqoyXpi', 'jmh8')"
301,"('群星 - 专辑《霸头位》分轨无损.wav下载地址', 'http://pan.baidu.com/s/1hqtiDb2', '82qj')"
302,"('群星 - 专辑《绝对爱唱人声典范》分轨无损.wav下载地址', 'http://pan.baidu.com/s/1jGteA3c', 'v9us')"
303,"('群星 - 专辑《男左》分轨无损.wav下载地址', 'http://pan.baidu.com/s/1pJGBdoB', 'adrq')"
304,"('群星 - 专辑《中低音炮》分轨无损.wav下载地址', 'http://pan.baidu.com/s/1hqCLAdQ', 's8n7')"
305,"('群星 - 专辑《非凡人声》分轨无损.wav下载地址', 'http://pan.baidu.com/s/1sj5HEmp', 'sd5a')"
306,"('群星 - 专辑《极限人声》整轨无损.wav下载地址', 'http://pan.baidu.com/s/1eQ0E0G6', '4ay9')"
307,"('群星 - 专辑《哈曼卡顿5.1试音碟》分轨无损.wav下载地址', 'http://pan.baidu.com/s/1pJMaP8R', 'g5a4')"
308,"('群星 - 专辑《本田Acura车载DVD演示碟》分轨无损.wav下载地址', 'http://pan.baidu.com/s/1o6sWEhW', 'rm9f')"
309,"('群星 - 专辑《天碟落地7·动态碟王》分轨无损.wav下载地址', 'http://pan.baidu.com/s/1gdnfoGz', 'baus')"
310,"('群星 - 专辑《至尊测试王》分轨无损.wav下载地址', 'http://pan.baidu.com/s/1hq1WvIk', 'cjm4')"
311,"('群星 - 专辑《夺命狂飚》分轨无损.wav下载地址', 'http://pan.baidu.com/s/1dDGpFhv', 'xrnt')"
312,"('群星 - 专辑《耳惑》分轨无损.wav下载地址', 'http://pan.baidu.com/s/1ntHvqEP', '3dar')"
313,"('群星 - 专辑《醇美中音炮》分轨无损.wav下载地址', 'http://pan.baidu.com/s/1o67jNhK', 'mi67')"
314,"('群星 - 专辑《爱浪音响试音碟》分轨无损.wav下载地址', 'http://pan.baidu.com/s/1mgzMuTy', '8i6p')"
315,"('翁立友 - 专辑《十年坚持、好胆你就来》整轨无损.wav下载地址', 'http://pan.baidu.com/s/1bnk5FXX', 'qi2n')"
316,"('群星 - 专辑《魅音典范-女人泪》分轨无损.wav下载地址', 'http://pan.baidu.com/s/1c0q9q6G', 'sw5z')"
317,"('群星 - 专辑《风云再起》分轨无损.wav下载地址', 'http://pan.baidu.com/s/1bnjjMIb', 't58b')"
318,"('刘星 - 专辑《一意孤行》整轨无损.wav下载地址', 'http://pan.baidu.com/s/1sj9fEpR', 's3qx')"
319,"('奚秀兰 - 专辑《经典金曲18首.24K金碟珍藏版》整轨无损.ape下载地址', 'http://pan.baidu.com/s/1kT5ojbD', 'w7kt')"
320,"('邵夷贝 - 专辑《灰色人种》分轨无损.wav下载地址', 'http://pan.baidu.com/s/1beyfk', 'aka7')"
321,"('群星 - 专辑《Focus极品CD试音碟》分轨无损.wav下载地址', 'http://pan.baidu.com/s/1gds5jOJ', '9euu')"
322,"('群星 - 专辑《SHARP_DTS随机试音碟》分轨无损.wav下载地址', 'http://pan.baidu.com/s/1c02eNPu', 'jrii')"
323,"('群星 - 专辑《金耳朵》整轨无损.wav下载地址', 'http://pan.baidu.com/s/1pJ83U9H', '657c')"
324,"('群星 - 专辑《不该看你的眼神》分轨无损.wav下载地址', 'http://pan.baidu.com/s/1kTMjt7x', 'zmi8')"
325,"('陈瑞 - 专辑《试音陈瑞》整轨无损.wav下载地址', 'http://pan.baidu.com/s/1kTj9Ibt', 'g787')"
326,"('群星 - 专辑《宝马专用金曲》分轨无损.wav下载地址', 'http://pan.baidu.com/s/1rtBmm', 'hnxe')"
327,"('群星 - 专辑《马头琴狂想曲》分轨无损.wav下载地址', 'http://pan.baidu.com/s/1kTpFt6f', 'd5t6')"
328,"('周杰伦 - 专辑《哎哟不错哦》分轨无损.flac下载地址', 'http://pan.baidu.com/s/1ub3bS', 'eapp')"
329,"('林俊杰 - 专辑《新地球》分轨无损.wav下载地址', 'http://pan.baidu.com/s/1pJA5ULP', '31du')"
330,"('群星 - 专辑《传奇多声道6.1典藏 DTS-CD 夜宴》分轨无损.wav下载地址', 'http://pan.baidu.com/s/1gdhakUn', 'd7xi')"
331,"('群星 - 专辑《香港粤语难忘金曲》分轨无损3CD.wav下载地址', 'http://pan.baidu.com/s/1mgN3vdu', 'c9ni')"
332,"('八只眼 - 专辑《不老的金曲》分轨无损.wav下载地址', 'http://pan.baidu.com/s/1kTILG39', 'ewrb')"
333,"('胡夏 - 专辑《燃点》整轨无损.flac下载地址', 'http://pan.baidu.com/s/1bndK77p', '8m4r')"
334,"('群星 - 专辑《排箫发烧天碟》整轨无损.wav下载地址', 'http://pan.baidu.com/s/1gds56j5', 'dwp9')"
335,"('班得瑞 - 专辑《寂静山林》整轨无损.ape下载地址', 'http://pan.baidu.com/s/1eQpjNOI', '8wfk')"
336,"('群星 - 专辑《HIFI抢听汇》分轨无损CD1.wav下载地址', 'http://pan.baidu.com/s/1dDCS3fV', 'ey9i')"
337,"('群星 - 专辑《HIFI抢听汇》分轨无损CD2.wav下载地址', 'http://pan.baidu.com/s/1dDAQBct', 'mxfv')"
338,"('群星 - 专辑《SRS环绕声王·树精选》分轨无损.wav下载地址', 'http://pan.baidu.com/s/1i3EMrgL', 'gd4t')"
339,"('孙露 - 专辑《燃烧寂寞》分轨无损.wav下载地址', 'http://pan.baidu.com/s/1c0GswCC', 'v3e5')"
340,"('群星 - 专辑《疯境》分轨无损.wav下载地址', 'http://pan.baidu.com/s/1c0yH2SC', 'xkma')"
341,"('汪苏泷 - 专辑《慢慢懂》整轨无损.flac下载地址', 'http://pan.baidu.com/s/1eQJClua', 'ctjh')"
342,"('班得瑞 - 专辑《迷雾森林》整轨无损.wav下载地址', 'http://pan.baidu.com/s/1sjt7ujz', 'v8sn')"
343,"('龙飘飘 - 专辑《心上人》整轨无损.wav下载地址', 'http://pan.baidu.com/s/1dDuBLID', '4jei')"
344,"('群星 - 专辑《音响之道》分轨无损.wav下载地址', 'http://pan.baidu.com/s/1jGw35Gi', 'shux')"
345,"('范晓萱 - 专辑《纯挚年代黄金精选集》整轨无损.wav下载地址', 'http://pan.baidu.com/s/1kTzjser', '4jdn')"
346,"('温岚 - 专辑《爱回温.新歌加精选》整轨无损2CD.ape下载地址', 'http://pan.baidu.com/s/1bn2Nyof', '1n6q')"
347,"('郑钧 - 专辑《赤裸裸》整轨无损.wav下载地址', 'http://pan.baidu.com/s/1qWmicbE', 'nchu')"
348,"('韩宝仪 - 专辑《黄金经典专辑》整轨无损.ape下载地址', 'http://pan.baidu.com/s/1o6LxZNc', '2prw')"
349,"('刘亦菲 - 专辑《首张国语专辑》分轨无损.ape下载地址', 'http://pan.baidu.com/s/1i3vPLnJ', 'aa93')"
350,"('张学友 - 专辑《醒着做梦》分轨无损.ape下载地址', 'http://pan.baidu.com/s/1gdw9KaR', 'w2ug')"
351,"('徐小明 - 专辑《完全歌集22首》整轨无损.wav下载地址', 'http://pan.baidu.com/s/1qWIClEs', 's2im')"
352,"('杨千嬅 - 专辑《直觉》整轨无损.wav下载地址', 'http://pan.baidu.com/s/1i3oypzZ', '3yu5')"
353,"('林志颖 - 专辑《稻草人精选》整轨无损.wav下载地址', 'http://pan.baidu.com/s/1sjt7F9z', 'y2gb')"
354,"('许志安 - 专辑《46首主打全精选》整轨无损CD.wav下载地址', 'http://pan.baidu.com/s/1bLuLw', 'di99')"
355,"('贝多芬 - 专辑《贝多芬钢琴奏鸣曲》整轨无损.wav下载地址', 'http://pan.baidu.com/s/1i3fAVOT', 'txvb')"
356,"('黄凯芹 - 专辑《挥不去的情感精选》整轨无损.wav下载地址', 'http://pan.baidu.com/s/1hqAfiFa', 'mmjq')"
357,"('群星 - 专辑《步步高黄金典藏试机碟》分轨无损.wav下载地址', 'http://pan.baidu.com/s/1o6DqKPk', 'y75t')"
358,"('方大同 - 专辑《危险世界》分轨无损.wav下载地址', 'http://pan.baidu.com/s/1CtsdC', 'pi87')"
359,"('群星 - 专辑《夺命狂飚》分轨无损.wav下载地址', 'http://pan.baidu.com/s/1mgIK5ss', 'mch5')"
360,"('牛奶咖啡 - 专辑《越长大越孤单》整轨无损.flac下载地址', 'http://pan.baidu.com/s/1b4v9ls', '9rdt')"
361,"('黑豹乐队 - 专辑《黑豹I无地自容(海外版)》整轨无损.ape下载地址', 'http://pan.baidu.com/s/1rqU8Q', 'wism')"
362,"('莫文蔚 - 专辑《回蔚》整轨无损.ape下载地址', 'http://pan.baidu.com/s/1dDs6tBN', '4tec')"
363,"('刘若英 - 专辑《滚石香港黄金十年系列-刘若英精选》整轨无损.ape下载地址', 'http://pan.baidu.com/s/10dBFS', 'm0bf')"
364,"('达明一派 - 专辑《后窗》整轨无损.wav下载地址', 'http://pan.baidu.com/s/1o6snrNc', 'd39y')"
365,"('许巍 - 专辑《那一年》整轨无损.ape下载地址', 'http://pan.baidu.com/s/1eQtjnzW', 'k4yx')"
366,"('汪峰 - 专辑《鲍家街43号》整轨无损.wav下载地址', 'http://pan.baidu.com/s/1pJqjfab', 'rpdb')"
367,"('阿杜 - 专辑《坚持到底》整轨无损.ape下载地址', 'http://pan.baidu.com/s/1eQnJE5W', 'ssl5')"
368,"('群星 - 专辑《恭喜发财贺新年》整轨无损3CD.wav下载地址', 'http://pan.baidu.com/s/1i3kpIdf', '1xfu')"
369,"('群星 - 专辑《首首醉耳萨克斯》整轨无损.wav下载地址', 'http://pan.baidu.com/s/1dDEkezB', 'nug1')"
370,"('群星 - 专辑《醉美发烧女声》分轨无损.wav下载地址', 'http://pan.baidu.com/s/1gd4C915', 'l6k9')"
371,"('群星 - 专辑《勾魂慢摇-中文顶级嗨曲》整轨无损.flac下载地址', 'http://pan.baidu.com/s/1bnfcrPP', 'm5j9')"
372,"('群星 - 专辑《发烧小提琴》整轨无损.wav下载地址', 'http://pan.baidu.com/s/1ybpj4', 'dnzm')"
373,"('群星 - 专辑《回忆录 歌林国语精选》整轨无损CD1.wav下载地址', 'http://pan.baidu.com/s/1hqgUaLe', '6foq')"
374,"('群星 - 专辑《回忆录 歌林国语精选》整轨无损CD2.wav下载地址', 'http://pan.baidu.com/s/1gd6E4yn', '7m96')"
375,"('群星 - 专辑《回忆录 歌林国语精选》整轨无损CD3.wav下载地址', 'http://pan.baidu.com/s/1qWNXgXQ', 'hhx1')"
376,"('群星 - 专辑《回忆录 歌林国语精选》整轨无损CD4.wav下载地址', 'http://pan.baidu.com/s/1qWwmN6W', 'et4o')"
377,"('群星 - 专辑《回忆录 歌林国语精选》整轨无损CD5.wav下载地址', 'http://pan.baidu.com/s/1dDgunvz', '85v4')"
378,"('群星 - 专辑《Hi-Fi风情-一杯香茶.中国新疆歌曲》分轨无损.wav下载地址', 'http://pan.baidu.com/s/1jGmVEx4', 'g41g')"
379,"('阿兰 - 专辑《声声醉如兰》整轨无损.wav下载地址', 'http://pan.baidu.com/s/1jGFvYIU', 'e7tm')"
380,"('阿桑 - 专辑《阿桑-珍藏纪念版》分轨无损.wav下载地址', 'http://pan.baidu.com/s/1dDldVQ5', '8rym')"
381,"('阿牛 - 专辑《光脚丫》整轨无损.wav下载地址', 'http://pan.baidu.com/s/1jGwzhIY', 'iopk')"
382,"('蔡健雅 - 专辑《默契 The Best of Tanya》整轨无损.wav下载地址', 'http://pan.baidu.com/s/1c0csBcc', 'sbpd')"
383,"('谢安琪 - 专辑《Binary》整轨无损.ape下载地址', 'http://pan.baidu.com/s/1ntKFByp', '6yfn')"
384,"('蔡旻佑 - 专辑《寂寞，好了》整轨无损.wav下载地址', 'http://pan.baidu.com/s/1dD6cPzz', 'nplb')"
385,"('张国荣 - 专辑《常在心头》整轨无损.ape下载地址', 'http://pan.baidu.com/s/1mgutpEw', 'npag')"
386,"('杜德伟 - 专辑《滚石香港黄金十年-杜德伟精选》整轨无损.ape下载地址', 'http://pan.baidu.com/s/1c0GoqA0', 'yci3')"
387,"('光良 - 专辑《滚石香港黄金十年系列-光良品冠精选》整轨无损.ape下载地址', 'http://pan.baidu.com/s/1ntDUbpB', 'pyom')"
388,"('辛晓琪 - 专辑《滚石香港黄金十年系列-辛晓琪精选》整轨无损.ape下载地址', 'http://pan.baidu.com/s/1mgCAmVI', 'rvsq')"
389,"('黎明 - 专辑《一夜倾情演唱会》整轨无损2CD.wav下载地址', 'http://pan.baidu.com/s/1i3oZML3', 'eg2v')"
390,"('刘德华 - 专辑《1999 刘德华演唱会》整轨无损2CD.ape下载地址', 'http://pan.baidu.com/s/1jGIdWME', 'jw25')"
391,"('群星 - 专辑《滚石香港黄金十年系列-华人电影音乐典藏馆精选》整轨无损.ape下载地址', 'http://pan.baidu.com/s/1o69OsXG', 'aqfu')"
392,"('草蜢 - 专辑《滚石香港黄金十年系列-草蜢精选》整轨无损.ape下载地址', 'http://pan.baidu.com/s/1hqGgnRY', 'hkvm')"
393,"('林子祥 - 专辑《93创作歌集》整轨无损.ape下载地址', 'http://pan.baidu.com/s/1dDha2Jn', 'dqtu')"
394,"('陈绮贞 - 专辑《滚石香港黄金十年系列-陈绮贞精选》整轨无损.ape下载地址', 'http://pan.baidu.com/s/1jGvJwRs', '4c1x')"
395,"('张震岳 - 专辑《滚石香港黄金十年系列-张震岳精选》整轨无损.ape下载地址', 'http://pan.baidu.com/s/1c06ffLQ', '2dac')"
396,"('张洪量 - 专辑《滚石香港黄金十年系列-张洪量精选》整轨无损.ape下载地址', 'http://pan.baidu.com/s/1i3FytM1', 'myr6')"
397,"('群星 - 专辑《试音古筝》整轨无损.wav下载地址', 'http://pan.baidu.com/s/1hqrJMvi', '5f0v')"
398,"('陶晶莹 - 专辑《真的假的》整轨无损.wav下载地址', 'http://pan.baidu.com/s/1gdmwgkr', '6z7b')"
399,"('梁咏琪 - 专辑《新鲜》整轨无损.flac下载地址', 'http://pan.baidu.com/s/1ntGCj9Z', '49ko')"
400,"('羽泉 - 专辑《滚石香港黄金十年系列-羽泉精选》整轨无损.ape下载地址', 'http://pan.baidu.com/s/1c04dpcs', '8soz')"
401,"('李克勤 - 专辑《演奏厅》整轨无损.ape下载地址', 'http://pan.baidu.com/s/1gd9wRsf', 'zhc1')"
402,"('黄品源 - 专辑《滚石香港黄金十年系列-黄品源精选》整轨无损.ape下载地址', 'http://pan.baidu.com/s/1eQgsGYA', 'vq4l')"
403,"('周传雄 - 专辑《Dubbing 1987-2003新歌+经典》分轨无损2CD.flac下载地址', 'http://pan.baidu.com/s/1eQAKPXo', 'co8z')"
404,"('赵咏华 - 专辑《滚石香港黄金十年系列-赵咏华精选》整轨无损.ape下载地址', 'http://pan.baidu.com/s/1nt7iMxF', 'mrg7')"
405,"('陈松伶 - 专辑《滚石香港黄金十年系列-陈松伶精选》整轨无损.ape下载地址', 'http://pan.baidu.com/s/1ntwZ1eL', 'bklk')"
406,"('张学友 - 专辑《Jacky Cheung 15》分轨无损2CD.ape下载地址', 'http://pan.baidu.com/s/1jGBYBGE', 'yqsu')"
407,"('林志炫 - 专辑《时间的味道》分轨无损.ape下载地址', 'http://pan.baidu.com/s/1o6p5RyM', 'nq3x')"
408,"('纵贯线 - 专辑《全线通车》整轨无损2CD.ape下载地址', 'http://pan.baidu.com/s/1c02H5xY', '2are')"
409,"('庄心妍 - 专辑《我知道》整轨无损.flac下载地址', 'http://pan.baidu.com/s/1hq3pqNM', '7e3e')"
410,"('赵鹏 - 专辑《低音风12级》整轨无损.wav下载地址', 'http://pan.baidu.com/s/1dD1t7Gl', '8fvi')"
411,"('雷婷 - 专辑《等待》分轨无损.wav下载地址', 'http://pan.baidu.com/s/1hqEKG9u', '1k22')"
412,"('张学友 - 专辑《雪狼湖》整轨无损2CD.ape下载地址', 'http://pan.baidu.com/s/1sjkam5Z', 'eh4d')"
413,"('赵学而 - 专辑《听听》整轨无损.ape下载地址', 'http://pan.baidu.com/s/1kTMgiEz', 'qg33')"
414,"('邓丽君 - 专辑《邓丽君15周年·30周年(限量版)》整轨无损2CD.wav下载地址', 'http://pan.baidu.com/s/1DBeY6', 'jm7b')"
415,"('张学友 - 专辑《Life is Like a Dream》整轨无损.ape下载地址', 'http://pan.baidu.com/s/1c0ESVok', '3cyj')"
416,"('A-Lin - 专辑《爱.请问怎么走》整轨无损.ape下载地址', 'http://pan.baidu.com/s/1bn518Vd', 't8nh')"
417,"('冯曦妤 - 专辑《A Little Love》整轨无损.ape下载地址', 'http://pan.baidu.com/s/1bnaZxt9', 'ynxr')"
418,"('刘德华 - 专辑《Vision Tour 2004 演唱会》整轨无损3CD.ape下载地址', 'http://pan.baidu.com/s/1jG1j7wi', 'gpjp')"
419,"('苏永康 - 专辑《苏永康+林慕德浓情金曲精选集》整轨无损.wav下载地址', 'http://pan.baidu.com/s/1eQjaNM6', 'h7n3')"
420,"('张国荣 - 专辑《滚石香港黄金十年系列-张国荣精选》整轨无损.ape下载地址', 'http://pan.baidu.com/s/1bnjMQUr', 'vajv')"
421,"('徐怀钰 - 专辑《滚石香港黄金十年系列-徐怀钰精选》整轨无损.ape下载地址', 'http://pan.baidu.com/s/1sjAyLBJ', 'fazm')"
422,"('张克帆 - 专辑《风的泪绝对精选》整轨无损.ape下载地址', 'http://pan.baidu.com/s/1gd09LGB', 'tm4q')"
423,"('宇桐非 - 专辑《与你同飞》分轨无损.ape下载地址', 'http://pan.baidu.com/s/1c0niHB6', 'da7v')"
424,"('张瑜 - 专辑《自言自语》整轨无损.wav下载地址', 'http://pan.baidu.com/s/1qWkc1re', 'uqum')"
425,"('潘越云 - 专辑《滚石香港黄金十年系列-潘越云精选》整轨无损.ape下载地址', 'http://pan.baidu.com/s/1mg217fi', 'mupy')"
426,"('顺子 - 专辑《滚石香港黄金十年系列-顺子精选》整轨无损.ape下载地址', 'http://pan.baidu.com/s/1qWkc4pQ', 'jcy8')"
427,"('张悬 - 专辑《My life will》整轨无损.wav下载地址', 'http://pan.baidu.com/s/1CVtNK', 'p9sk')"
428,"('群星 - 专辑《葫芦丝彩云之南民乐精粹》分轨无损.wav下载地址', 'http://pan.baidu.com/s/1eQtQweQ', '3xi5')"
429,"('李圣杰 - 专辑《音乐十年李圣杰唯一精选》整轨无损.wav下载地址', 'http://pan.baidu.com/s/1o6tAcDs', '3nrg')"
430,"('杨坤 - 专辑《同名专辑》分轨无损.flac下载地址', 'http://pan.baidu.com/s/1jGgQZoq', 'f35k')"
431,"('班得瑞 - 专辑《班得瑞20周年精选集》整轨无损.ape下载地址', 'http://pan.baidu.com/s/1mg7lyje', '2j3r')"
432,"('黄耀明 - 专辑《愈夜愈美丽》整轨无损.wav下载地址', 'http://pan.baidu.com/s/1bn6NLwF', 'q2cc')"
433,"('龚玥 - 专辑《传奇之声 再现传奇》整轨无损.wav下载地址', 'http://pan.baidu.com/s/1bnjNg43', 'fr6t')"
434,"('曹芙嘉 - 专辑《岁月如歌》整轨无损.flac下载地址', 'http://pan.baidu.com/s/1i3vMnml', 'pqsg')"
435,"('A-Lin - 专辑《我们会更好的》整轨无损.flac下载地址', 'http://pan.baidu.com/s/1pL8pHKB', 'akwd')"
436,"('赵传 - 专辑《滚石香港黄金十年系列 赵传精选》整轨无损.wav下载地址', 'http://pan.baidu.com/s/1kTikYAr', 'gcpt')"
437,"('张楚 - 专辑《造飞机的工厂》整轨无损.ape下载地址', 'http://pan.baidu.com/s/1sjmc7wh', 'k1nh')"
438,"('胡夏 - 专辑《胡 爱夏》整轨无损.ape下载地址', 'http://pan.baidu.com/s/1gd9x8kV', 'bqbx')"
439,"('群星 - 专辑《我的野蛮女友》整轨无损.ape下载地址', 'http://pan.baidu.com/s/1i5wrb1b', 'opzo')"
440,"('群星 - 专辑《HI-FI情歌天唱》整轨无损.flac下载地址', 'http://pan.baidu.com/s/1eQ4FQZw', '8k1v')"
441,"('布衣乐队 - 专辑《那么久》整轨无损.wav下载地址', 'http://pan.baidu.com/s/1kTzgcbd', 'juej')"
442,"('卫兰 - 专辑《MORNING》整轨无损.wav下载地址', 'http://pan.baidu.com/s/1qWp246C ', '12cf')"
443,"('陈洁仪 - 专辑《重译》整轨无损.ape下载地址', 'http://pan.baidu.com/s/1qW7d2Ks', '9qnn')"
444,"('陈升 - 专辑《滚石香港黄金十年系列-陈升精选》整轨无损.ape下载地址', 'http://pan.baidu.com/s/1eQ6HU0a', 'uxwv')"
445,"('阿牛 - 专辑《滚石香港黄金十年系列-阿牛精选》整轨无损.ape下载地址', 'http://pan.baidu.com/s/1hq9vE0s', 'ugw5')"
446,"('杭盖乐队 - 专辑《回到你身旁》分轨无损.flac下载地址', 'http://pan.baidu.com/s/1bnlPwon', 'dryb')"
447,"('水木年华 - 专辑《怒放之青春再见》整轨无损.flac下载地址', 'http://pan.baidu.com/s/1kTmoXiZ', '82vy')"
448,"('苏打绿 - 专辑《十年一刻》整轨无损.ape下载地址', 'http://pan.baidu.com/s/1bn0c07H', 'dnyt')"
449,"('蔡琴 - 专辑《不了情2007经典歌曲香港演唱会》整轨无损2CD.flac下载地址', 'http://pan.baidu.com/s/1qXFyYJy', 'oiys')"
450,"('李志 - 专辑《1701》分轨无损.wav下载地址', 'http://pan.baidu.com/s/1mgqqKEs', '7q6i')"
451,"('阿悄 - 专辑《世界上另外的自己》整轨无损.flac下载地址', 'http://pan.baidu.com/s/1ntKGV8l', '4skk')"
452,"('群星 - 专辑《发烧女人STS+SRS》分轨无损.wav下载地址', 'http://pan.baidu.com/s/1jP9wU', '7sxy')"
453,"('群星 - 专辑《醉人声·美丽的草原》整轨无损.wav下载地址', 'http://pan.baidu.com/s/1gd3skAB', 'mknh')"
454,"('群星 - 专辑《欧美经典情歌》分轨无损.wav下载地址', 'http://pan.baidu.com/s/1sj1BULv', 'h1b8')"
455,"('群星 - 专辑《雷克萨斯-测试王DTS》分轨无损.wav下载地址', 'http://pan.baidu.com/s/1pJn2RTx', 'yezx')"
456,"('李传韵 - 专辑《琴魂》整轨无损.flac下载地址', 'http://pan.baidu.com/s/1o6OcKL8', 'r8rk')"
457,"('黑鸭子 - 专辑《心手相连》整轨无损.wav下载地址', 'http://pan.baidu.com/s/1bn0cAC3', '1j3g')"
458,"('蔡淳佳 - 专辑《等一个晴天-新歌+精选》整轨无损2CD.wav下载地址', 'http://pan.baidu.com/s/1gdEhIfT', 'ub3g')"
459,"('许冠杰 - 专辑《歌神精选》整轨无损.wav下载地址', 'http://pan.baidu.com/s/1sjmIXeX', 'yrme')"
460,"('群星 - 专辑《醉爱对唱》分轨无损.wav下载地址', 'http://pan.baidu.com/s/1dDvUTQp', '26gt')"
461,"('孙露 - 专辑《寂寞女人心》整轨无损.flac下载地址', 'http://pan.baidu.com/s/1gdzoD4B', '64cd')"
462,"('王菀之 - 专辑《Ivana首张国语创作专辑》整轨无损.flac下载地址', 'http://pan.baidu.com/s/1pJsSJjH', 'evaf')"
463,"('邓丽欣 - 专辑《Coloring.Stephy》分轨无损.flac下载地址', 'http://pan.baidu.com/s/1gdrNg4N', '7dt9')"
464,"('陈坤 - 专辑《迷》整轨无损.flac下载地址', 'http://pan.baidu.com/s/1gdiZG2J', 'u976')"
465,"('乔维怡 - 专辑《十大年度发烧试机监听女声碟皇-试音乔维怡》分轨无损.wav下载地址', 'http://pan.baidu.com/s/1qWG7ufa', 'uc8s')"
466,"('群星 - 专辑《粤语劲歌》整轨无损.ape下载地址', 'http://pan.baidu.com/s/1jGiTEjO', '36g8')"
467,"('林俊杰 - 专辑《JJ陆》整轨无损.wav下载地址', 'http://pan.baidu.com/s/1pJqQUNL', 'gfdv')"
468,"('阿宝 - 专辑《西北民谣》分轨无损2CD.wav下载地址', 'http://pan.baidu.com/s/1jG1Q5uA', 'yfu6')"
469,"('罗大佑 - 专辑《未来的主人翁》整轨无损.ape下载地址', 'http://pan.baidu.com/s/1pJuUL7t', 'xp3y')"
470,"('费玉清 - 专辑《变色的长城》整轨无损.ape下载地址', 'http://pan.baidu.com/s/1ntOfcQP', 'fcdp')"
471,"('薛岳 - 专辑《摇滚舞台》整轨无损.ape下载地址', 'http://pan.baidu.com/s/1dD1uJTZ', 'c4pp')"
472,"('陈忆文 - 专辑《陈忆文特辑》整轨无损.wav下载地址', 'http://pan.baidu.com/s/1i3EdTp7', '3rcb')"
473,"('窦唯 - 专辑《艳阳天》整轨无损.wav下载地址', 'http://pan.baidu.com/s/1i33U4mD', 's9ae')"
474,"('额尔古纳乐队 - 专辑《鸿雁》整轨无损.flac下载地址', 'http://pan.baidu.com/s/1sjkHx73', 'mehm')"
475,"('群星 - 专辑《一人一首成名曲》整轨无损CD1.ape下载地址', 'http://pan.baidu.com/s/1sj0q2rb', 'tva5')"
476,"('群星 - 专辑《一人一首成名曲》整轨无损CD2.ape下载地址', 'http://pan.baidu.com/s/1c0fcuFe', 'inj5')"
477,"('王二妮 - 专辑《陕北民歌》整轨无损.wav下载地址', 'http://pan.baidu.com/s/1ntEBNXv', 'ku2m')"
478,"('周蕙 - 专辑《周蕙精选》整轨无损.ape下载地址', 'http://pan.baidu.com/s/1sj1CyFr', '74gi')"
479,"('群星 - 专辑《筝情萨克斯》分轨无损.wav下载地址', 'http://pan.baidu.com/s/1kTgkaEj', '7n93')"
480,"('群星 - 专辑《DJ嗨曲》整轨无损.ape下载地址', 'http://pan.baidu.com/s/1pJr4HbP', '3wgq')"
481,"('中岛美雪 - 专辑《美雪集-原曲流行极品》整轨无损.wav下载地址', 'http://pan.baidu.com/s/1ntl2Uhj', 'k3tv')"
482,"('谭盾 - 专辑《夜宴 电影原声带》整轨无损.ape下载地址', 'http://pan.baidu.com/s/1o6DkVfO', '1fcm')"
483,"('群星 - 专辑《1994摇滚中国乐势力(魔岩三杰、唐朝)》整轨无损.wav下载地址', 'http://pan.baidu.com/s/1gd3p1QV', 'vwxy')"
484,"('群星 - 专辑《高山流水》整轨无损.wav下载地址', 'http://pan.baidu.com/s/1sjG1W2T', 'o4mm')"
485,"('罗嘉良 - 专辑《秦始皇》整轨无损.wav下载地址', 'http://pan.baidu.com/s/1mgwthC8', 'rbp3')"
486,"('群星 - 专辑《巅峰三十试音天后》整轨无损2CD.wav下载地址', 'http://pan.baidu.com/s/1kTxbhD9', '7gnw')"
487,"('春雷 - 专辑《满堂红》整轨无损.wav下载地址', 'http://pan.baidu.com/s/1gdrdDDp', 'apbx')"
488,"('布仁巴雅尔 - 专辑《天边》整轨无损.wav下载地址', 'http://pan.baidu.com/s/1kTDWhP9', 'o94f')"
489,"('伽菲珈而 - 专辑《心曲·精选》整轨无损.wav下载地址', 'http://pan.baidu.com/s/1k2sDg', 'beh7')"
490,"('王闻 - 专辑《男人四十》整轨无损.flac下载地址', 'http://pan.baidu.com/s/1i5sm6uL', 'v30j')"
491,"('降央卓玛 - 专辑《这山·这水》分轨无损.wav下载地址', 'http://pan.baidu.com/s/1mgMHCjm', 'i5un')"
492,"('押尾桑 - 专辑《LOVE STRINGS》分轨无损.wav下载地址', 'http://pan.baidu.com/s/1rTQr0', 'gs6s')"
493,"('品冠 - 专辑《一切为了爱新歌+精选》整轨无损.wav下载地址', 'http://pan.baidu.com/s/1mgC8q7I', 'mhor')"
494,"('许美静 - 专辑《醇经典·许美静经典情歌精选》整轨无损.wav下载地址', 'http://pan.baidu.com/s/1sjz6Qvj', '636d')"
495,"('Secret Garden - 专辑《Winter Poem》整轨无损.wav下载地址', 'http://pan.baidu.com/s/1eQiYtrk', '3xfj')"
496,"('谭艳 - 专辑《等爱》整轨无损.wav下载地址', 'http://pan.baidu.com/s/1sjob97n', 'ikaa')"
497,"('4 In Love - 专辑《Fall.In.Love》整轨无损.ape下载地址', 'http://pan.baidu.com/s/1bnrRVqR', 'i4h2')"
498,"('薛之谦 - 专辑《意外》整轨无损.wav下载地址', 'http://pan.baidu.com/s/1eQs1LFc', '6q75')"
499,"('4 in Love - 专辑《谁怕谁》整轨无损.wav下载地址', 'http://pan.baidu.com/s/1gdCI8H9', 'vgbd')"
500,"('成龙 - 专辑《滚石香港黄金十年系列-成龙精选》整轨无损.ape下载地址', 'http://pan.baidu.com/s/1pJwThOZ', 'et8c')"
501,"('许冠杰 - 专辑《经典系列之许冠杰精选》整轨无损.wav下载地址', 'http://pan.baidu.com/s/1bn4dnIJ', 'apbx')"
502,"('陈升 - 专辑《延安的秋天》整轨无损.wav下载地址', 'http://pan.baidu.com/s/1o6KBMNC', 'uwhp')"
503,"('张玮伽 - 专辑《想你的夜》整轨无损.flac下载地址', 'http://pan.baidu.com/s/1bntnT3x', 'f3db')"
504,"('降央卓玛 - 专辑《鸿雁 BSCD》整轨无损.wav下载地址', 'http://pan.baidu.com/s/1sjHNTtb', 'dtf8')"
505,"('巫娜 - 专辑《一叶一菩提》整轨无损.wav下载地址', 'http://pan.baidu.com/s/1bneuTHl', '3gnb')"
506,"('张玮伽 - 专辑《把梦写给你》整轨无损.wav下载地址', 'http://pan.baidu.com/s/1i3f49m9', 'swqe')"
507,"('玖月奇迹 - 专辑《中国美》整轨无损.flac下载地址', 'http://pan.baidu.com/s/1kTFYuN1', 'db3u')"
508,"('古巨基 - 专辑《第二最爱新曲+精选》整轨无损.wav下载地址', 'http://pan.baidu.com/s/1mgEAwHy', '45fs')"
509,"('群星 - 专辑《一人一首成名曲(男声篇)》整轨无损.wav下载地址', 'http://pan.baidu.com/s/1gd7YZpp', 'w53q')"
510,"('群星 - 专辑《试机壹号 绝对发烧》分轨无损2CD.wav下载地址', 'http://pan.baidu.com/s/1mgqTP5A', 'dgsq')"
511,"('林淑容 - 专辑《恋歌心曲》分轨无损5CD.wav下载地址', 'http://pan.baidu.com/s/1mg0xrvy', '5laf')"
512,"('Usher - 专辑《Versus》分轨无损.flac下载地址', 'http://pan.baidu.com/s/1kTutFCF', 'xn2n')"
513,"('群星 - 专辑《民谣在路上 流行HIFI轻摇滚》分轨无损2CD.wav下载地址', 'http://pan.baidu.com/s/1sjkEdXj', 'k8i8')"
514,"('庄学忠 - 专辑《中国风》整轨无损.wav下载地址', 'http://pan.baidu.com/s/1dDlIyNR', 'fg4y')"
515,"('小虎队 - 专辑《星光依旧灿烂》整轨无损.wav下载地址', 'http://pan.baidu.com/s/1gd1n7ov', 'tnb0')"
516,"('腾格尔 - 专辑《腾格尔[24K金碟(DSD)]》整轨无损.wav下载地址', 'http://pan.baidu.com/s/1sAloq', 'rwcv')"
517,"('小虎队 - 专辑《红蜻蜓》分轨无损.ape下载地址', 'http://pan.baidu.com/s/1mgKGlhI', 'czun')"
518,"('群星 - 专辑《至尊发烧示范天碟》分轨无损.wav下载地址', 'http://pan.baidu.com/s/1i35noc1', '7h2k')"
519,"('容中尔甲 - 专辑《经典金曲》整轨无损.wav下载地址', 'http://pan.baidu.com/s/1mgh08ac', 'bdcz')"
520,"('群星 - 专辑《蓝调风味·品味经典》整轨无损.wav下载地址', 'http://pan.baidu.com/s/1i3imF1z', 'efyz')"
521,"('央金兰泽 - 专辑《爱琴海》分轨无损.ape下载地址', 'http://pan.baidu.com/s/1ntie4Ox', 'xayu')"
522,"('张玮伽 - 专辑《情人》整轨无损.wav下载地址', 'http://pan.baidu.com/s/1c0pOuVA', 'qx8f')"
523,"('刘若英 - 专辑《单身日志》整轨无损2CD.wav下载地址', 'http://pan.baidu.com/s/1hqy3IFq', 'xld3')"
524,"('张玮伽 - 专辑《不甘寂寞》整轨无损.wav下载地址', 'http://pan.baidu.com/s/1ntwXEXV', 's8ok')"
525,"('黄绮珊 - 专辑《亚洲第一女声》整轨无损.wav下载地址', 'http://pan.baidu.com/s/1qWG4wfa', 'ircz')"
526,"('群星 - 专辑《奥斯卡经典金曲精选16首》分轨无损.wav下载地址', 'http://pan.baidu.com/s/1qWlwpzQ', 'ltn7')"
527,"('群星 - 专辑《似水如歌-钻石女声篇》整轨无损.flac下载地址', 'http://pan.baidu.com/s/1o8RUH1C', 'wblm')"
528,"('伽菲珈而 - 专辑《HIFI年代精选》整轨无损.wav下载地址', 'http://pan.baidu.com/s/1eQu4hxS', 'lx11')"
529,"('万芳 - 专辑《滚石香港黄金十年：万芳精选》整轨无损.ape下载地址', 'http://pan.baidu.com/s/1kT9Td3L', 'b3kk')"
530,"('群星 - 专辑《的高王中王·荷东》整轨无损.wav下载地址', 'http://pan.baidu.com/s/1mhGl0eO', 'huxi')"
531,"('群星 - 专辑《最美国语情歌对唱》分轨无损2CD.wav下载地址', 'http://pan.baidu.com/s/1i3rGmSt', 'ddhn')"
532,"('张玮伽 - 专辑《世界如此寂寞》整轨无损.flac下载地址', 'http://pan.baidu.com/s/1hqtekYg', 'xu1j')"
533,"('韩晶 - 专辑《不要用我的爱来伤害我》分轨无损.wav下载地址', 'http://pan.baidu.com/s/1kTgMPvx', '5nfp')"
534,"('刘珺儿 - 专辑《靓人靓歌情花开》整轨无损.wav下载地址', 'http://pan.baidu.com/s/1bntoyar', '6l6f')"
535,"('群星 - 专辑《纯音乐-藏密》整轨无损.flac下载地址', 'http://pan.baidu.com/s/1sjCyHcT', 'cahr')"
536,"('林艳仪 - 专辑《广东酒廊情歌》整轨无损.ape下载地址', 'http://pan.baidu.com/s/1dD3tK0x', 'llm7')"
537,"('赵雷 - 专辑《赵小雷》整轨无损.wav下载地址', 'http://pan.baidu.com/s/1pJv7OCV', 'kxd2')"
538,"('谭艳 - 专辑《听爱》整轨无损.wav下载地址', 'http://pan.baidu.com/s/12JWdw', 'z3qs')"
539,"('邓丽君 - 专辑《新年好 迎春花》整轨无损.wav下载地址', 'http://pan.baidu.com/s/1c0etw3m', 'liay')"
540,"('容中尔甲 - 专辑《高原红》整轨无损.ape下载地址', 'http://pan.baidu.com/s/1jGIIJeI', '1wit')"
541,"('游鸿明 - 专辑《2002精选辑》分轨无损.wav下载地址', 'http://pan.baidu.com/s/1qWPYbjI', 'e2ik')"
542,"('卫兰 - 专辑《Wish(新曲+精选)》整轨无损2CD.wav下载地址', 'http://pan.baidu.com/s/1i3oY9A9', 'ejy6')"
543,"('降央卓玛 - 专辑《望草原》分轨无损2CD.wav下载地址', 'http://pan.baidu.com/s/1c04HOHU', 'pf63')"
544,"('郑源 - 专辑《梦中情人》整轨无损.wav下载地址', 'http://pan.baidu.com/s/1i3ADs6h', 'qrjf')"
545,"('陈势安 - 专辑《再爱一遍·天后陈势安》整轨无损.wav下载地址', 'http://pan.baidu.com/s/1eQxmouA', 'ogri')"
546,"('齐秦 - 专辑《辉煌30年》整轨无损2CD.wav下载地址', 'http://pan.baidu.com/s/1i3HySCX', 'ene5')"
547,"('群星 - 专辑《永远的红楼梦》整轨无损.ape下载地址', 'http://pan.baidu.com/s/1slLHMqD', 'v5mn')"
548,"('喜多郎 - 专辑《曼陀罗》整轨无损.ape下载地址', 'http://pan.baidu.com/s/1eQCLx0e', 'p0lh')"
549,"('张惠妹 - 专辑《2002A级娱乐世界巡回演唱会》分轨无损.wav下载地址', 'https://pan.baidu.com/share/link?shareid=951218209&uk=1243650759&fid=742821415012923', '>密码：')"
550,"('田震 - 专辑《水姻缘》整轨无损.ape下载地址', 'http://pan.baidu.com/s/1o6DQZ1o', '577e')"
551,"('卡洛儿 - 专辑《一尘不染》分轨无损.ape下载地址', 'http://pan.baidu.com/s/1c0dD95m', 'x1p4')"
552,"('郭富城 - 专辑《最好混音精选(双版本)》整轨无损.wav下载地址', 'http://pan.baidu.com/s/1AlK1S', 'f7m5')"
553,"('周慧敏 - 专辑《最爱精选辑》整轨无损.wav下载地址', 'http://pan.baidu.com/s/1c00ElLQ', 'anmf')"
554,"('群星 - 专辑《试音宝典·恭贺新禧》整轨无损.wav下载地址', 'http://pan.baidu.com/s/1eQu45nO', 'xe45')"
555,"('卡洛儿 - 专辑《艺海拾贝》分轨无损.wav下载地址', 'http://pan.baidu.com/s/1nt5fFE5', '28mm')"
556,"('周笔畅 - 专辑《Unlock》分轨无损.flac下载地址', 'http://pan.baidu.com/s/1kTqWDwF', 'cadt')"
557,"('平原绫香 - 专辑《From To》整轨无损.flac下载地址', 'http://pan.baidu.com/s/1mg3LLws', 'y56m')"
558,"('群星 - 专辑《斗牛要不要 电视原声带》整轨无损.ape下载地址', 'http://pan.baidu.com/s/1o6oiDMM', 'lut5')"
559,"('群星 - 专辑《女人如歌 柔情魅声》分轨无损2CD.wav下载地址', 'http://pan.baidu.com/s/1dDpMUrf', 'lqg8')"
560,"('罗大佑 - 专辑《2002北京围炉跨年乐音晚会》整轨无损2CD.wav下载地址', 'http://pan.baidu.com/s/1qWOCxU8', 'hw7a')"
561,"('By2 - 专辑《My游乐园》分轨无损.flac下载地址', 'http://pan.baidu.com/s/1kTmmWhp', '6q28')"
562,"('琼雪卓玛 - 专辑《走出喜玛拉雅》整轨无损.ape下载地址', 'http://pan.baidu.com/s/1dDrOSu9', 'mm5u')"
563,"('萧亚轩 - 专辑《不解释亲吻(香港特别版)》整轨无损.wav下载地址', 'http://pan.baidu.com/s/1o6KCJXo', 'dvkp')"
564,"('张洪量 - 专辑《随欲》整轨无损.wav下载地址', 'http://pan.baidu.com/s/1o60ZWQQ', '944n')"
565,"('指南针乐队 - 专辑《把你唱醉》整轨无损.wav下载地址', 'http://pan.baidu.com/s/1i3xMvtj', 'rpj8')"
566,"('张信哲 - 专辑《张信哲收藏精选》整轨无损.ape下载地址', 'http://pan.baidu.com/s/1c0tSNYS', 'ruxv')"
567,"('逃跑计划 - 专辑《世界》分轨无损.wav下载地址', 'http://pan.baidu.com/s/1dD5wf09', '6kve')"
568,"('Beyond - 专辑《25th Anniversary》整轨无损3CD.ape下载地址', 'http://pan.baidu.com/s/1pJE5m47', '4x9v')"
569,"('许巍 - 专辑《珍藏许巍1995-2000作品集》整轨无损2CD.ape下载地址', 'http://pan.baidu.com/s/130vP8', 'i926')"
570,"('Giorgio Moroder - 专辑《Best of Electronic Disco》分轨无损.flac下载地址', 'http://pan.baidu.com/s/1mg9lEly', 'hj1h')"
571,"('张国荣 - 专辑《为你钟情》整轨无损.ape下载地址', 'http://pan.baidu.com/s/1miylrPQ', 'h51q')"
572,"('龚玥 - 专辑《民歌红》分轨无损.wav下载地址', 'http://pan.baidu.com/s/1jG45Zbo', '9ruz')"
573,"('零点乐队 - 专辑《00：00：00》整轨无损.wav下载地址', 'http://pan.baidu.com/s/1o69h9Aa', 'ymch')"
574,"('孙露 - 专辑《声色扰人》整轨无损.wav下载地址', 'http://pan.baidu.com/s/1o6G9n0u', '96iw')"
575,"('李健 - 专辑《拾光》分轨无损.flac下载地址', 'http://pan.baidu.com/s/1hqovj6W', 'yqws')"
576,"('刀郎 - 专辑《刀郎Ⅲ》整轨无损.ape下载地址', 'http://pan.baidu.com/s/1kTJxmHx', 'raj8')"
577,"('崔子格 - 专辑《老婆最大》整轨无损.wav下载地址', 'http://pan.baidu.com/s/1qWE3snU', 'p07h')"
578,"('徐小凤 - 专辑《PAULA TSUI 100%IN GOLD》整轨无损.wav下载地址', 'http://pan.baidu.com/s/1hqgnGjU', 'hb1b')"
579,"('郑中基 - 专辑《时间人物地点 新曲+精选》整轨无损.ape下载地址', 'http://pan.baidu.com/s/1o61akd0', 'eg79')"
580,"('Beyond - 专辑《纪念专辑珍藏版》整轨无损2CD.ape下载地址', 'http://pan.baidu.com/s/1i3zO4eh', 'g43d')"
581,"('群星 - 专辑《试机贰号 绝对靓声》分轨无损2CD.wav下载地址', 'http://pan.baidu.com/s/1sjui8H3', 'i5yh')"
582,"('群星 - 专辑《军歌红 24K HD》分轨无损2CD.wav下载地址', 'http://pan.baidu.com/s/1kTIbwur', 'r8f3')"
583,"('张国荣 - 专辑《DAYDREAMIN》整轨无损.ape下载地址', 'http://pan.baidu.com/s/1gdlF1OB', 'ido0')"
584,"('许巍 - 专辑《每一刻都是崭新的》整轨无损.ape下载地址', 'http://pan.baidu.com/s/1jGDZF9O', '8oqu')"
585,"('群星 - 专辑《51Ape.Com.新年精选.经典老歌.No1》分轨无损.flac下载地址', 'http://pan.baidu.com/s/1c0jJIfQ', '3q66')"
586,"('群星 - 专辑《51Ape.Com.新年精选.经典老歌.No2》分轨无损.flac下载地址', 'http://pan.baidu.com/s/1AmqM6', 'vizc')"
587,"('群星 - 专辑《51Ape.Com.新年精选.经典老歌.No3》分轨无损.flac下载地址', 'http://pan.baidu.com/s/1kT1MxJD', 'k6bt')"
588,"('群星 - 专辑《51Ape.Com.新年精选.经典老歌.No4》分轨无损.flac下载地址', 'http://pan.baidu.com/s/1eQkvEi2', 'te9k')"
589,"('群星 - 专辑《51Ape.Com.新年精选.经典老歌.No5》分轨无损.flac下载地址', 'http://pan.baidu.com/s/1pJumHtT', '5dfa')"
590,"('群星 - 专辑《51Ape.Com.新年精选.经典老歌.No6》分轨无损.flac下载地址', 'http://pan.baidu.com/s/1nthz9I5', '1vrg')"
591,"('群星 - 专辑《51Ape.Com.新年精选.经典老歌.No7》分轨无损.flac下载地址', 'http://pan.baidu.com/s/1sjQCFWL', 'c13k')"
592,"('群星 - 专辑《51Ape.Com.新年精选.经典老歌.No8》分轨无损.flac下载地址', 'http://pan.baidu.com/s/1gdqzpV9', '49xl')"
593,"('群星 - 专辑《喜事年年》整轨无损2CD.wav下载地址', 'http://pan.baidu.com/s/1eQrhpMq', 'w77q')"
594,"('小娟 - 专辑《细说往事》整轨无损.ape下载地址', 'http://pan.baidu.com/s/1kTKJtVD', '5gak')"
595,"('群星 - 专辑《51Ape.Com.新年精选.经典老歌.No9》分轨无损.flac下载地址', 'http://pan.baidu.com/s/1o67fZNO', 'uf5x')"
596,"('小娟 - 专辑《如风往事》整轨无损.wav下载地址', 'http://pan.baidu.com/s/1eQ7wxs2', 'vh1l')"
597,"('群星 - 专辑《51Ape.Com.新年精选.经典老歌.No10》分轨无损.flac下载地址', 'http://pan.baidu.com/s/1hq9ulJA', 'ny8a')"
598,"('罗百吉 - 专辑《烛光》整轨无损.flac下载地址', 'http://pan.baidu.com/s/1hqjBJmc', 'e14o')"
599,"('群星 - 专辑《汽车音响-测试专用碟》整轨无损.flac下载地址', 'http://pan.baidu.com/s/1nt3Kual', '1l2k')"
600,"('羽泉 - 专辑《敢爱》分轨无损.flac下载地址', 'http://pan.baidu.com/s/1mggJNJU', '8dje')"
601,"('李宗盛 - 专辑《滚石香港黄金十年-李宗盛精选》整轨无损.ape下载地址', 'http://pan.baidu.com/s/1o6yqyMm', '7alu')"
602,"('李荣浩 - 专辑《李荣浩创作精选》整轨无损.wav下载地址', 'http://pan.baidu.com/s/1i3Br3Hr', 'etpj')"
603,"('张乃匀 - 专辑《情缘》整轨无损.wav下载地址', 'http://pan.baidu.com/s/1pJAyRF1', 'fi0q')"
604,"('陈百强 - 专辑《梦里人》整轨无损.wav下载地址', 'http://pan.baidu.com/s/1rSeT4', 'oynl')"
605,"('郭采洁 - 专辑《烟火》分轨无损.flac下载地址', 'http://pan.baidu.com/s/1o6JnwOq', '3eaj')"
606,"('潘玮柏 - 专辑《王者丑生》分轨无损.flac下载地址', 'http://pan.baidu.com/s/1gdj9OX1', '7cmc')"
607,"('羽泉 - 专辑《拾伍》分轨无损.ape下载地址', 'http://pan.baidu.com/s/1bngumCn', 'ztma')"
608,"('郑秀文 - 专辑《1999 很爱很爱郑秀文》整轨无损.flac下载地址', 'http://pan.baidu.com/s/1i300K0P', 'td5j')"
609,"('张蔷 - 专辑《别再问我什么是迪斯科》整轨无损.flac下载地址', 'http://pan.baidu.com/s/13wRHs', 'f5g3')"
610,"('巫启贤 - 专辑《你爱永不变》整轨无损.flac下载地址', 'http://pan.baidu.com/s/1pJ0oBOn', 'b9r6')"
611,"('林子祥 - 专辑《林子祥超白金经典》整轨无损.flac下载地址', 'http://pan.baidu.com/s/1o6yUPrs', 'pwzf')"
612,"('陈慧琳 - 专辑《继续爱我》整轨无损.wav下载地址', 'http://pan.baidu.com/s/1qW0mJEk', 'l4si')"
613,"('萧亚轩 - 专辑《同名专辑》整轨无损.wav下载地址', 'http://pan.baidu.com/s/1i3JxSax', 'yaj7')"
614,"('张靓颖 - 专辑《改变》整轨无损.wav下载地址', 'http://pan.baidu.com/s/1qW2oDHi', '5px2')"
615,"('李翊君 - 专辑《爱上寂寞》整轨无损.flac下载地址', 'http://pan.baidu.com/s/1o62sNVG', 'bnxl')"
616,"('金海心 - 专辑《玲珑》整轨无损.wav下载地址', 'http://pan.baidu.com/s/1kTp7H9l', 'm6k3')"
617,"('许嵩 - 专辑《梦游计》整轨无损.wav下载地址', 'http://pan.baidu.com/s/1jGggvPW', '6usm')"
618,"('群星 - 专辑《ON.1号发烧店》整轨无损2CD.wav下载地址', 'http://pan.baidu.com/s/1pkgCQ', '6uky')"
619,"('德德玛 - 专辑《我的根在草原》整轨无损.wav下载地址', 'http://pan.baidu.com/s/1eQhA1TS', 'r7w7')"
620,"('许茹芸 - 专辑《茹此精采十三首》整轨无损.wav下载地址', 'http://pan.baidu.com/s/1ntFmjDR', 'z50o')"
621,"('张杰 - 专辑《爱,不解释》分轨无损.flac下载地址', 'http://pan.baidu.com/s/1pJz9dWZ', 'ljdk')"
622,"('韩磊 - 专辑《经典精选》整轨无损2CD.wav下载地址', 'http://pan.baidu.com/s/1pJE2llh', 'xc6m')"
623,"('林宥嘉 - 专辑《神秘嘉宾》整轨无损.flac下载地址', 'http://pan.baidu.com/s/1hqnCf56', 'gnad')"
624,"('蔡幸娟 - 专辑《绝版情歌-真情》整轨无损.ape下载地址', 'http://pan.baidu.com/s/1jGzJu8e', '0taa')"
625,"('孙露 - 专辑《寂寞诱惑》分轨无损.wav下载地址', 'http://pan.baidu.com/s/1pkr9O', 'qbg9')"
626,"('张敬轩 - 专辑《My.1st.Collection》整轨无损2CD.flac下载地址', 'http://pan.baidu.com/s/1sj7CEWd', 'pk2n')"
627,"('叶倩文 - 专辑《红尘(金唱片复刻王系列)》整轨无损.wav下载地址', 'http://pan.baidu.com/s/1dDgqNct', 'cdfz')"
628,"('梁博 - 专辑《同名专辑》整轨无损.wav下载地址', 'http://pan.baidu.com/s/1dDpKmvJ', 'dqp9')"
629,"('娃娃 - 专辑《金典》整轨无损.ape下载地址', 'http://pan.baidu.com/s/1qWLlTRQ', 'owr9')"
630,"('卓依婷 - 专辑《闽南语情歌大对唱》整轨无损.wav下载地址', 'http://pan.baidu.com/s/1hqGc8pY', 'kx4x')"
631,"('群星 - 专辑《30首顶级人声发烧》整轨无损2CD.flac下载地址', 'http://pan.baidu.com/s/1dDvjUVZ', 'bb9a')"
632,"('赵鹏 - 专辑《人声低音炮 闪亮的日子》整轨无损.wav下载地址', 'http://pan.baidu.com/s/1ntp3XGX', 'ydye')"
633,"('群星 - 专辑《BEST2014顶级DJ中文慢摇》整轨无损2CD.wav下载地址', 'http://pan.baidu.com/s/1jGrCboa', '43ob')"
634,"('黄英 - 专辑《灿烂的行走》整轨无损.flac下载地址', 'http://pan.baidu.com/s/1jGuZOZO', 'syi5')"
635,"('黑鸭子 - 专辑《超越(精装版)》整轨无损2CD.wav下载地址', 'http://pan.baidu.com/s/1i3mUvyt', '2dho')"
636,"('罗大佑 - 专辑《情歌纪念日》整轨无损.ape下载地址', 'http://pan.baidu.com/s/1gdeQXJd', 'tvsj')"
637,"('高枫 - 专辑《伦敦悟语》整轨无损.wav下载地址', 'http://pan.baidu.com/s/1ntKCqpz', 'eupy')"
638,"('廖昌永 - 专辑《凝聚》整轨无损.wav下载地址', 'http://pan.baidu.com/s/1o67cYJC', 'sjh4')"
639,"('杨钰莹 - 专辑《精选集》整轨无损.wav下载地址', 'http://pan.baidu.com/s/1o6BgMO6', '2r17')"
640,"('央金卓玛 - 专辑《天边的回响》分轨无损.wav下载地址', 'http://pan.baidu.com/s/1kTmQ0Aj', '9dpe')"
641,"('群星 - 专辑《冲上云霄2原声带Fly with Love》整轨无损.wav下载地址', 'http://pan.baidu.com/s/1qWqedB2', 'erje')"
642,"('吸引力合唱组 - 专辑《后会有期》整轨无损.wav下载地址', 'http://pan.baidu.com/s/1o6meyZw', 'ck1x')"
643,"('Sarah McLachlan - 专辑《Surfacing》分轨无损.ape下载地址', 'http://pan.baidu.com/s/1kT5Ntu3', 'hkxr')"
644,"('群星 - 专辑《TEST-CD试音极品-NO.01》整轨无损2CD.wav下载地址', 'http://pan.baidu.com/s/1jG7RrEm', 'rpsz')"
645,"('群星 - 专辑《TEST-CD试音极品-NO.02》整轨无损2CD.wav下载地址', 'http://pan.baidu.com/s/1ntMEs9z', '6n8b')"
646,"('群星 - 专辑《TEST-CD试音极品-NO.03》整轨无损2CD.wav下载地址', 'http://pan.baidu.com/s/1bncX2WZ', 'kgrd')"
647,"('群星 - 专辑《TEST-CD试音极品-NO.04》整轨无损2CD.wav下载地址', 'http://pan.baidu.com/s/1sjHM4gP', 'droe')"
648,"('群星 - 专辑《TEST-CD试音极品-NO.05》整轨无损2CD.wav下载地址', 'http://pan.baidu.com/s/1mgoQzHI', 'uqsn')"
649,"('群星 - 专辑《TEST-CD试音极品-NO.06》整轨无损2CD.wav下载地址', 'http://pan.baidu.com/s/1bnlfeBt', '87ki')"
650,"('群星 - 专辑《TEST-CD试音极品-NO.07》整轨无损2CD.wav下载地址', 'http://pan.baidu.com/s/1qWPqiU4', 'kyda')"
651,"('手嶌葵 - 专辑《Collection Blue》整轨无损.flac下载地址', 'http://pan.baidu.com/s/1mgsUr9m', 'ws3a')"
652,"('刁寒 - 专辑《春水似年华》整轨无损.ape下载地址', 'http://pan.baidu.com/s/1i3895Xz', 'xgui')"
653,"('水木年华 - 专辑《一生有你》整轨无损.wav下载地址', 'http://pan.baidu.com/s/1slbFEjz', 'vi8i')"
654,"('AC-DC - 专辑《钢铁侠 2》(Iron Man 2)整轨无损.flac下载地址', 'http://pan.baidu.com/s/1qWmGBjY', '6kdc')"
655,"('梁咏琪 - 专辑《同名专辑》整轨无损.wav下载地址', 'http://pan.baidu.com/s/1o6KABTS', 'vjd1')"
656,"('陈小春 - 专辑《绝对收藏》整轨无损2CD.wav下载地址', 'http://pan.baidu.com/s/1c07xRC8', 'p3cq')"
657,"('草蜢 - 专辑《失恋阵线联盟》整轨无损.wav下载地址', 'http://pan.baidu.com/s/1jG1fZRw', '203g')"
658,"('郑智化 - 专辑《年轻时代》整轨无损.wav下载地址', 'http://pan.baidu.com/s/1bnvUBCz', 'n3nk')"
659,"('高胜美 - 专辑《美丽的回忆》分轨无损.wav下载地址', 'http://pan.baidu.com/s/1sjlsIYD', 'f677')"
660,"('伽菲珈而 - 专辑《响往 XRCD2》整轨无损.wav下载地址', 'http://pan.baidu.com/s/1gdxi1rH', 'gsvn')"
661,"('刘欢 - 专辑《名曲集》整轨无损.wav下载地址', 'http://pan.baidu.com/s/1dDkvsw5', 'vi7q')"
662,"('黄小琥 - 专辑《简单-不简单》整轨无损.wav下载地址', 'http://pan.baidu.com/s/1hqiTtGS', 'akr1')"
663,"('降央卓玛 - 专辑《金色的呼唤Ⅱ》分轨无损.wav下载地址', 'http://pan.baidu.com/s/1sjyPZHV', 'uu9x')"
664,"('东方快车 - 专辑《就让世界多一颗心》整轨无损.ape下载地址', 'http://pan.baidu.com/s/1nt7fF5n', 'rlej')"
665,"('群星 - 专辑《我是歌手(第一季)精选15首》分轨无损.wav下载地址', 'http://pan.baidu.com/s/1bnhHG6r', 'lss9')"
666,"('伍佰 - 专辑《单程车票》分轨无损.flac下载地址', 'http://pan.baidu.com/s/1mg0wmQ8', 'bi5h')"
667,"('伍佰 - 专辑《泪桥》整轨无损.ape下载地址', 'http://pan.baidu.com/s/1pJoeP6b', 'bc11')"
668,"('Blue - 专辑《最帅的蓝色.Best.of.Blue》分轨无损.ape下载地址', 'http://pan.baidu.com/s/1kTzctkN', '05i4')"
669,"('罗文 - 专辑《几许风雨》整轨无损.ape下载地址', 'http://pan.baidu.com/s/1ntmNaL7', 'wxft')"
670,"('群星 - 专辑《功夫 电影原声带》分轨无损.wav下载地址', 'http://pan.baidu.com/s/1gdh9ByF', 'p3d8')"
671,"('黄贯中 - 专辑《Paul Wong Collection》分轨无损.flac下载地址', 'http://pan.baidu.com/s/1kTHZont', 'aj43')"
672,"('彭羚 - 专辑《靓声经典》整轨无损.wav下载地址', 'http://pan.baidu.com/s/1sj0Sdlj', 'kl25')"
673,"('降央卓玛 - 专辑《金色的辉煌》整轨无损.wav下载地址', 'http://pan.baidu.com/s/1jGBpIdw', 't3l7')"
674,"('戴佩妮 - 专辑《纯属意外》整轨无损.wav下载地址', 'http://pan.baidu.com/s/1pL78nCB', 'o4f5')"
675,"('陈绮贞 - 专辑《华丽的冒险》整轨无损.ape下载地址', 'http://pan.baidu.com/s/1qWBd2wO', '2b56')"
676,"('蒋嘉莹 - 专辑《约会》整轨无损.ape下载地址', 'http://pan.baidu.com/s/1hqtcSTm', 'jqh0')"
677,"('费玉清 - 专辑《长江水》整轨无损.wav下载地址', 'http://pan.baidu.com/s/1mgFVyFe', '64zo')"
678,"('陈明真 - 专辑《再度重相逢》整轨无损.wav下载地址', 'http://pan.baidu.com/s/1qWJRb9E', '76rw')"
679,"('陈淑桦 - 专辑《滚石珍藏版系列之陈淑桦》整轨无损.flac下载地址', 'http://pan.baidu.com/s/1sjO8Gnr', '26ep')"
680,"('群星 - 专辑《香港电影十大武侠金曲》整轨无损.flac下载地址', 'http://pan.baidu.com/s/1hqEbJU0', 'xn0v')"
681,"('群星 - 专辑《试音粤语经典》整轨无损.wav下载地址', 'http://pan.baidu.com/s/1o6t6H3k', 'dkfj')"
682,"('群星 - 专辑《铁三角人声精选HIFI碟》整轨无损.wav下载地址', 'http://pan.baidu.com/s/1mhAf6DM', 'kol4')"
683,"('梦之旅 - 专辑《流淌的歌声·真情依旧》整轨无损.flac下载地址', 'http://pan.baidu.com/s/1jGCBKm6', 'btp9')"
684,"('降央卓玛 - 专辑《金色的诱惑》整轨无损.wav下载地址', 'http://pan.baidu.com/s/1qWAxD8K', '5lmj')"
685,"('罗志祥 - 专辑《舞极限-新歌+金选》分轨无损2CD.flac下载地址', 'http://pan.baidu.com/s/1dGpBo', 'oyfx')"
686,"('杨丞琳 - 专辑《仰望(庆功典藏版)》整轨无损.wav下载地址', 'http://pan.baidu.com/s/1cuqzO', 'b9og')"
687,"('群星 - 专辑《深情对唱·经典回味 K2HD》分轨无损.wav下载地址', 'http://pan.baidu.com/s/1hqGdFLE', '1pyg')"
688,"('群星 - 专辑《闽南情缘》分轨无损3CD.ape下载地址', 'http://pan.baidu.com/s/1xtbYI', 'wesr')"
689,"('贝多芬 - 专辑《百年回声·贝多芬交响曲全集》整轨无损3CD.wav下载地址', 'http://pan.baidu.com/s/1mgj16y8', 'avs5')"
690,"('孙楠 - 专辑《旅途》整轨无损.wav下载地址', 'http://pan.baidu.com/s/1pJDhDUz', 'jjyv')"
691,"('李宗盛 - 专辑《理性与感性作品音乐会》分轨无损2CD.ape下载地址', 'http://pan.baidu.com/s/1kTIFzUZ', 'iqe9')"
692,"('李克勤 - 专辑《左麟右李2003演唱会》整轨无损3CD.wav下载地址', 'http://pan.baidu.com/s/1eQw4ZWu', 'ztq5')"
693,"('降央卓玛 - 专辑《金色的呼唤》整轨无损.wav下载地址', 'http://pan.baidu.com/s/1hq5oxCg', 'pivv')"
694,"('群星 - 专辑《试音钢琴》分轨无损.wav下载地址', 'http://pan.baidu.com/s/1ntjz5Ip', 'xobk')"
695,"('飞儿乐团 - 专辑《Better Life》整轨无损.wav下载地址', 'http://pan.baidu.com/s/1c0H7RwO', 'hfyg')"
696,"('张学友 - 专辑《2004活出生命LIVE演唱会》分轨无损2CD.wav下载地址', 'http://pan.baidu.com/s/1bnvport', '7ryo')"
697,"('八只眼  - 专辑《传奇》整轨无损.wav下载地址', 'http://pan.baidu.com/s/1mg7OioC', '88vd')"
698,"('降央卓玛 - 专辑《天下最美的女中音》整轨无损.wav下载地址', 'http://pan.baidu.com/s/1bntnvUR', '5a2n')"
699,"('Joanie Madden - 专辑《爱尔兰风笛》分轨无损.wav下载地址', 'http://pan.baidu.com/s/1sjQAP7B', '5b33')"
700,"('Howard Shore - 专辑《限量版指环王三部曲原声碟套装》整轨无损你3CD.wav下载地址', 'http://pan.baidu.com/s/1c02EOco', 'jsjb')"
701,"('丁当 - 专辑《敢爱敢当》分轨无损.flac下载地址', 'http://pan.baidu.com/s/1mg62oBm', 'v9fa')"
702,"('群星 - 专辑《冰雪奇缘原声带Frozen [Deluxe Edition]》分轨无损2CD.flac下载地址', 'http://pan.baidu.com/s/1jGBVZH8', '9vuu')"
703,"('罗文 - 专辑《俄罗斯创世纪音乐会》整轨无损2CD.ape下载地址', 'http://pan.baidu.com/s/1hqj9Qew', 'e099')"
704,"('The Daydream - 专辑《Dreaming》整轨无损.ape下载地址', 'http://pan.baidu.com/s/1yFk7c', 'xwj5')"
705,"('云朵 - 专辑《倔强》整轨无损.wav下载地址', 'http://pan.baidu.com/s/1jGwxaPw', 'msh5')"
706,"('群星 - 专辑《加勒比海盗四部曲原声合集》整轨无损4CD.wav下载地址', 'http://pan.baidu.com/s/1c2nBwIW', 'jm19')"
707,"('蔡国权 - 专辑《不装饰你的梦》整轨无损.wav下载地址', 'http://pan.baidu.com/s/1ntJX3ip', 'k2w3')"
708,"('江蕙 - 专辑《初登场Live》整轨无损3CD.wav下载地址', 'http://pan.baidu.com/s/1gdGLYCV', 'erdy')"
709,"('陈星 - 专辑《北漂》整轨无损.wav下载地址', 'http://pan.baidu.com/s/1qW1A328', 'drlc')"
710,"('降央卓玛 - 专辑《中国之声》整轨无损.wav下载地址', 'http://pan.baidu.com/s/1hq5oCKG', 'fwq7')"
711,"('齐豫 - 专辑《二十年精选 永远的橄榄树》整轨无损2CD.wav下载地址', 'http://pan.baidu.com/s/1eQCKtaE', 'vz6l')"
712,"('谭艳 - 专辑《舍爱》分轨无损.wav下载地址', 'http://pan.baidu.com/s/1hqHzXn2', 'qbrg')"
713,"('白晓 - 专辑《寂寞伤情》整轨无损.wav下载地址', 'http://pan.baidu.com/s/1pJp1wld', '3ddy')"
714,"('王杰 - 专辑《杰出精选·老歌回忆录》分轨无损.wav下载地址', 'http://pan.baidu.com/s/1sjQBcnz', '6awf')"
715,"('降央卓玛 - 专辑《东女国》整轨无损.wav下载地址', 'http://pan.baidu.com/s/1eQ8aCmQ', 'chye')"
716,"('姜育恒 - 专辑《往事回味精选》整轨无损2CD.wav下载地址', 'http://pan.baidu.com/s/1gdlDTNd', 's5i5')"
717,"('蔡惠英 - 专辑《甜甜歌集》整轨无损.wav下载地址', 'http://pan.baidu.com/s/1bnpPO2F', 'cc6v')"
718,"('李健 - 专辑《似水流年》整轨无损.ape下载地址', 'http://pan.baidu.com/s/1ntJofXn', 'bn9n')"
719,"('Rammstein - 专辑《Sehnsucht》整轨无损.flac下载地址', 'http://pan.baidu.com/s/1hqj6XkK', '9h68')"
720,"('群星 - 专辑《DTS-震撼人声-极品珍藏版》2CD分轨无损.wav下载地址', 'http://pan.baidu.com/s/1i3CBAfj', 'vlwm')"
721,"('刘涛 - 专辑《最好的时光》分轨无损.wav下载地址', 'http://pan.baidu.com/s/1bnjbiF1', '878a')"
722,"('龚玥 - 专辑《精选珍藏(DSD)》整轨无损.flac下载地址', 'http://pan.baidu.com/s/1c01V5V6', 'rz88')"
723,"('Accardo - 专辑《Diabolus in Musica》分轨无损.flac下载地址', 'http://pan.baidu.com/s/1jGr92oI', 'j64n')"
724,"('王杰 - 专辑《国语精选十六首》整轨无损.ape下载地址', 'http://pan.baidu.com/s/1pJrznVt', 'vnrt')"
725,"('童丽 - 专辑《痴情意外》整轨无损.wav下载地址', 'http://pan.baidu.com/s/1o6DLZEa', 'rtqi')"
726,"('柴可夫斯基 - 专辑《悲怆交响曲》整轨无损.wav下载地址', 'http://pan.baidu.com/s/1leqU6', 'glhr')"
727,"('谭盾 - 专辑《卧虎藏龙》电影原声带分轨无损.flac下载地址', 'http://pan.baidu.com/s/1dDxPuP7', 'acti')"
728,"('侃侃 - 专辑《爱深藏》分轨无损.wav下载地址', 'http://pan.baidu.com/s/1bn5vbOV', 'uncq')"
729,"('迟志强 - 专辑《悔恨的泪》整轨无损.wav下载地址', 'http://pan.baidu.com/s/1jGBSsGQ', 'ubt7')"
730,"('Kenny G - 专辑《拉丁罗曼史(K2HD限量版》整轨无损.wav下载地址', 'http://pan.baidu.com/s/1mgqP9f6', '4idf')"
731,"('郝云 - 专辑《突然想到理想这个词》整轨无损.flac下载地址', 'http://pan.baidu.com/s/1nt5aJ1n', 'mncm')"
732,"('群星 - 专辑《历久尝新》整轨无损3CD.flac下载地址', 'http://pan.baidu.com/s/1eS5OlDw', 'l9j0')"
733,"('崔健 - 专辑《红旗下的蛋》整轨无损.ape下载地址', 'http://pan.baidu.com/s/1eQuzDBk', 'fzi4')"
734,"('小村 - 专辑《靓声王DTS试音碟》分轨无损.wav下载地址', 'http://pan.baidu.com/s/1jGJZYoI', '9j2u')"
735,"('群星 - 专辑《惠威试音碟5CD》整轨无损.ape下载地址', 'http://pan.baidu.com/s/1o6kFZAU', 'qqde')"
736,"('孙露 - 专辑《谁为我停留》整轨无损.wav下载地址', 'http://pan.baidu.com/s/1pJkDVgn', 'ktbs')"
737,"('陈柏霖 - 专辑《我可能不会爱你》电影原声带整轨无损.flac下载地址', 'http://pan.baidu.com/s/1eYRnC', 'uwfc')"
738,"('乌兰托娅 - 专辑《爱情对对碰 DSD》整轨无损.wav下载地址', 'http://pan.baidu.com/s/1bnxnJnp', '2q64')"
739,"('花儿乐队 - 专辑《幸福的旁边》分轨无损.wav下载地址', 'http://pan.baidu.com/s/1jGgK3ga', 'yx29')"
740,"('群星 - 专辑《电台主播至爱·配乐大师》分轨无损2CD.wav下载地址', 'http://pan.baidu.com/s/1eQrHXCI', 'v1z0')"
741,"('刘德华 - 专辑《新上海滩(香港版)》整轨无损.wav下载地址', 'http://pan.baidu.com/s/1kT0vrFp', 'laqh')"
742,"('中村幸代 - 专辑《创世纪-电视原声大碟》整轨无损.wav下载地址', 'http://pan.baidu.com/s/1dDpImGh', '2z1n')"
743,"('黄艺明 - 专辑《光辉的璀璨》整轨无损.wav下载地址', 'http://pan.baidu.com/s/1mgyXxgs', 'g4ay')"
744,"('李克勤 - 专辑《复克》整轨无损.flac下载地址', 'http://pan.baidu.com/s/1i3tDRyH', '3re2')"
745,"('戴娆 - 专辑《锦上添花》整轨无损.wav下载地址', 'http://pan.baidu.com/s/1eQy3Jrk', '4lsx')"
746,"('杨宗纬 - 专辑《鸽子(台湾版)》整轨无损.flac下载地址', 'http://pan.baidu.com/s/1i3wvKH3', 'l31u')"
747,"('陈升 - 专辑《魔鬼的情诗》整轨无损2CD.ape下载地址', 'http://pan.baidu.com/s/1gdj8Fbd', 'cpt8')"
748,"('黛青塔娜 - 专辑《寂静的天空》整轨无损.wav下载地址', 'http://pan.baidu.com/s/1mgwVEFA', 'cb9v')"
749,"('Carpenters - 专辑《CARPENTERS GOLD GREATEST HITS LPCD45 Ⅱ》整轨无损.wav下载地址', 'http://pan.baidu.com/s/1dDEeVLJ', '2hqf')"
750,"('群星 - 专辑《慢摇王中王》整轨无损2CD.wav下载地址', 'https://pan.baidu.com/share/link?shareid=3323418691&uk=2552771496', '密码：无')"
751,"('迪克牛仔 - 专辑《国语真经典》整轨无损.ape下载地址', 'http://pan.baidu.com/s/1dDH2L13', 'td2r')"
752,"('刀郎 - 专辑《红色经典 - 红星照我去战斗》分轨无损.wav下载地址', 'http://pan.baidu.com/s/1c0rg084', '309g')"
753,"('依雪 - 专辑《情结 DSD》整轨无损.wav下载地址', 'http://pan.baidu.com/s/1jGfyUJc', 'yliv')"
754,"('陶喆 - 专辑《2003-Soul Power Live 现场原音》整轨无损2CD.ape下载地址', 'http://pan.baidu.com/s/1hqBXc36', 'o3js')"
755,"('苏打绿 - 专辑《2012 Walk Together演唱会》整轨无损(自带cue).flac下载地址', 'http://pan.baidu.com/s/1jGzHJjo', 'tenu')"
756,"('群星 - 专辑《掀起你的盖头来.西部歌王王洛宾和他的歌》整轨无损.ape下载地址', 'http://pan.baidu.com/s/1i387ttz', '99zg')"
757,"('邓紫棋 - 专辑《Xposed》分轨无损.flac下载地址', 'http://pan.baidu.com/s/1ntly7TR', 'yj64')"
758,"('王心凌 - 专辑《2005月光闪耀+节奏精选》分轨无损.flac下载地址', 'http://pan.baidu.com/s/1gdKgHhx', 'wuba')"
759,"('林忆莲 - 专辑《新装忆莲》整轨无损.flac下载地址', 'http://pan.baidu.com/s/1qW2nz2W', '3a2x')"
760,"('张玮伽 - 专辑《情醉伽音·在爱里(DSD)》整轨无损.flac下载地址', 'http://pan.baidu.com/s/1D5wLo', 'brpz')"
761,"('王心凌 - 专辑《第十个王心凌》分轨无损.wav下载地址', 'http://pan.baidu.com/s/1i3yyaY5', '6mza')"
762,"('群星 - 专辑《慢摇坊 - 狂野倾城》整轨无损.wav下载地址', 'http://pan.baidu.com/s/1qWBGUO8', 'f2dy')"
763,"('苗苗 - 专辑《新民歌仙子》分轨无损.wav下载地址', 'http://pan.baidu.com/s/1i3zdXMd', 'y17b')"
764,"('Empyrium - 专辑《Songs Of Moors & Misty Fields》整轨无损.flac下载地址', 'http://pan.baidu.com/s/1o6NqsH0', 'ud05')"
765,"('常石磊 - 专辑《niu china 新中国》整轨无损.wav下载地址', 'http://pan.baidu.com/s/1i343BDj', 'x6ld')"
766,"('Crayon Pop - 专辑《Crayon Pop 1st Mini Album》分轨无损.flac下载地址', 'http://pan.baidu.com/s/1sjCuXOh', 'ddqr')"
767,"('梁文音 - 专辑《情人X知己》整轨无损.ape下载地址', 'http://pan.baidu.com/s/1eQd58sE', 'rhuq')"
768,"('张宇 - 专辑《一言难尽》整轨无损.ape下载地址', 'http://pan.baidu.com/s/1gdCF01l', '6y9o')"
769,"('容祖儿 - 专辑《喜欢祖儿新曲+精选》整轨无损.flac下载地址', 'http://pan.baidu.com/s/1eQips9k', '4t44')"
770,"('小泽征二 - 专辑《2002维也纳新年音乐会限量珍藏版》整轨无损.flac下载地址', 'http://pan.baidu.com/s/1i3IHbQt', 'wism')"
771,"('宋冬野 - 专辑《安河桥北》分轨无损.wav下载地址', 'http://pan.baidu.com/s/1o6LUEYA', '0wmg')"
772,"('潘美辰 - 专辑《最好的·金选集》整轨无损.wav下载地址', 'http://pan.baidu.com/s/1dD5Yblf', '7eho')"
773,"('零点乐队 - 专辑《别误会》整轨无损.wav下载地址', 'http://pan.baidu.com/s/1c0it3VU', 'i723')"
774,"('群星 - 专辑《勾魂的DJ》分轨无损.wav下载地址', 'http://pan.baidu.com/s/1dDpIY3n', 'h1aa')"
775,"('韩红 - 专辑《韩红精选》整轨无损.flac下载地址', 'http://pan.baidu.com/s/1bn2ErZh', 'huly')"
776,"('王菲 - 专辑《试音王菲》整轨无损.ape下载地址', 'http://pan.baidu.com/s/1ntjxfqL', 'digl')"
777,"('无印良品 - 专辑《珍重-分手纪念精选集》分轨无损.wav下载地址', 'http://pan.baidu.com/s/1jGMcVbS', 'tkdx')"
778,"('群星 - 专辑《四大天王经典金曲精选》整轨无损.flac下载地址', 'http://pan.baidu.com/s/1bntkV8r', 'magl')"
779,"('本兮 - 专辑《溺爱》分轨无损.flac下载地址', 'http://pan.baidu.com/s/1mgmNaJY', '1gx2')"
780,"('雷婷 - 专辑《存在》分轨无损.wav下载地址', 'http://pan.baidu.com/s/1bn5wuej', '5ygd')"
781,"('李佳薇 - 专辑《天堂·悬崖》整轨无损.flac下载地址', 'http://pan.baidu.com/s/1eQ1m1GI', 'eskb')"
782,"('孟楠 - 专辑《我只有我》整轨无损.wav下载地址', 'http://pan.baidu.com/s/1hqh5D0S', 'g8em')"
783,"('谢霆锋 - 专辑《零距离》分轨无损.ape下载地址', 'http://pan.baidu.com/s/1kT3elwF', 'n3ev')"
784,"('侧田 - 专辑《One Good Show》2CD整轨无损.ape下载地址', 'http://pan.baidu.com/s/1gdf5LIF', '7myd')"
785,"('徐良 - 专辑《不良少年》整轨无损.wav下载地址', 'http://pan.baidu.com/s/1mgid2A0', '58m7')"
786,"(""少女时代 - 专辑《Repackage Album  Girls' Generation The Boys》整轨无损.flac下载地址"", 'http://pan.baidu.com/s/1pJmHgkN', '9vo2')"
787,"('黑豹乐队 - 专辑《光芒之神》整轨无损.flac下载地址', 'http://pan.baidu.com/s/1sjkBjYH', 'tlg8')"
788,"('群星 - 专辑《宝丽金经典30周年》2CD整轨无损.wav下载地址', 'http://pan.baidu.com/s/1qW0mrY8', 'vvb2')"
789,"('龚玥 - 专辑《金装龚玥终极测试王-情歌篇》分轨无损.wav下载地址', 'http://pan.baidu.com/s/1c09ymUc', 'r3yx')"
790,"('黄龄 - 专辑《特别》整轨无损.flac下载地址', 'http://pan.baidu.com/s/1kTtASDp', 'jkp5')"
791,"('张国荣 - 专辑《Printemps》整轨无损.ape下载地址', 'http://pan.baidu.com/s/1o6qgZay', 'l8h0')"
792,"('李宇春 - 专辑《1987我不知会遇见你》分轨无损.ape下载地址', 'http://pan.baidu.com/s/1nt7KcsD', '51ym')"
793,"('张学友 - 专辑《真情流露24KGOLD》整轨无损.wav下载地址', 'http://pan.baidu.com/s/1bn7y0gf', '83li')"
794,"('The Brothers Four - 专辑《Greatest Hits (2001)》分轨无损.flac下载地址', 'http://pan.baidu.com/s/1qWjrz9E', 'xdgu')"
795,"('Nine Muses - 专辑《Wild》分轨无损.flac下载地址', 'http://pan.baidu.com/s/1dDcl6oD', 'svnb')"
796,"('何训田 - 专辑《波罗密多》分轨无损.wav下载地址', 'http://pan.baidu.com/s/1eQpGEaA', 'mu0f')"
797,"('门丽 - 专辑《一物降一物》分轨无损.wav下载地址', 'http://pan.baidu.com/s/1c0grt1u', 'ue4s')"
798,"('穆特 - 专辑《卡门幻想曲 24K金碟日版》整轨无损.wav下载地址', 'http://pan.baidu.com/s/1gdqu9gv', 'v7s8')"
799,"('BigBang - 专辑《SPECIAL EDITION STILL ALIVE》分轨无损.flac下载地址', 'http://pan.baidu.com/s/1qWls4ri', 'y81k')"
800,"('闵慧芬 - 专辑《江河水》整轨无损.ape下载地址', 'http://pan.baidu.com/s/1mgjyMEW', 'gm3q')"
801,"('Richard Clayderman - 专辑《钢琴曲珍藏版》整轨无损.flac下载地址', 'http://pan.baidu.com/s/1bnAL0cv', '4ogy')"
802,"('Shakira - 专辑《Shakira》整轨无损.wav下载地址', 'http://pan.baidu.com/s/1c0gXgD6', 'p3cw')"
803,"('柴可夫斯基 - 专辑《1812序曲》整轨无损.wav下载地址', 'http://pan.baidu.com/s/1jGJu8x4', '64ta')"
804,"('群星 - 专辑《Dae Jang Geum Original Sound Track》整轨无损.ape下载地址', 'http://pan.baidu.com/s/1sjrvVDb', 'i3t0')"
805,"('胡彦斌 - 专辑《太歌》无损分轨.flac下载地址', 'http://pan.baidu.com/s/1jGJu478', 'p94f')"
806,"('童安格 - 专辑《隽永作品辑》整轨无损.wav下载地址', 'http://pan.baidu.com/s/1bneXm0J', 'kf51')"
807,"('王芷蕾 - 专辑《台北的天空.冷冷的夏》整轨无损.flac下载地址', 'http://pan.baidu.com/s/1jGomqW2', '5hlq')"
808,"('齐豫 - 专辑《橄榄树》整轨无损.ape下载地址', 'http://pan.baidu.com/s/1ntHSz25', 'qvv4')"
809,"('Nirvana - 专辑《MTV Unplugged In New York》整轨无损.flac下载地址', 'http://pan.baidu.com/s/1pLBDVYj', 'ghf1')"
810,"('TK from 凛として時雨 - 专辑《unravel》整轨无损.wav下载地址', 'http://pan.baidu.com/s/1qWv17Ec', 'es2m')"
811,"('久石让 - 专辑《起风了-Kaze.Tachinu》分轨无损.flac下载地址', 'http://pan.baidu.com/s/1jG1d1rw', 'dznv')"
812,"('苏打绿 - 专辑《春.日光》整轨无损.flac下载地址', 'http://pan.baidu.com/s/1ntp1NS1', '5twj')"
813,"('汪峰 - 专辑《试音汪峰 DXD》分轨无损.wav下载地址', 'http://pan.baidu.com/s/1eQxhNSe', 'j3l4')"
814,"('张国荣 - 我的心里只有你没有他.ape下载地址', 'http://pan.baidu.com/s/1pJ5CT9x', 'iups')"
815,"('群星 - 专辑《The.Matrix.Reloaded.The.Album》分轨无损.ape下载地址', 'http://pan.baidu.com/s/1c0GODEg', 'paqk')"
816,"('金泫雅 - 专辑《MELTING》分轨无损.flac下载地址', 'http://pan.baidu.com/s/1bnw7S9T', 'qtxl')"
817,"('Mr.乐队 - 专辑《精选2CD合集》分轨无损.ape下载地址', 'http://pan.baidu.com/s/1o6NpPpw', 'ntlm')"
818,"('郭静 - 专辑《下一个天亮》整轨无损.flac下载地址', 'http://pan.baidu.com/s/1bnhEMAV', 'kqfg')"
819,"('吕珊 - 专辑《精选 HiFi监听 K2HD》整轨无损.wav下载地址', 'http://pan.baidu.com/s/1mgwV29U', 'gxqa')"
820,"('冷漠 - 专辑《在你之前我早已有了她》整轨无损.wav下载地址', 'http://pan.baidu.com/s/1qWLPLQ8', 'sq3k')"
821,"('沈洋 - 专辑《醇厚饱满男低音》分轨无损.wav下载地址', 'http://pan.baidu.com/s/1mg5cWSK', 'vq40')"
822,"('白晓 - 专辑《寂寞秋思》整轨无损.wav下载地址', 'http://pan.baidu.com/s/1ntHmnFF', 'rexa')"
823,"('王中平 - 专辑《等你(蓝与白首版)》整轨无损.ape下载地址', 'http://pan.baidu.com/s/1pJx5pKv', 'xrqx')"
824,"('李玉刚 - 专辑《霸王别姬》 整轨无损.wav下载地址', 'http://pan.baidu.com/s/1jIoLUf0', 'x6zd')"
825,"('James Last - 专辑《Paradiesvogel》整轨无损.wav下载地址', 'http://pan.baidu.com/s/1pJnvTNl', '9my3')"
826,"('Flo Rida - 专辑《Wild Ones》分轨无损.flac下载地址', 'http://pan.baidu.com/s/18fjKM', 'fjg7')"
827,"('曹格 - 专辑《2008-Super Sunshine》整轨无损.flac下载地址', 'http://pan.baidu.com/s/1hqBWG0c', 'gdxl')"
828,"('群星 - 专辑《舌尖上的中国 原声音乐》整轨无损.wav下载地址', 'http://pan.baidu.com/s/1qWO79SS', 'nmaj')"
829,"('邓丽君 - 专辑《邓丽君萨克斯风》整轨无损.wav下载地址', 'http://pan.baidu.com/s/1kTsnLdH', 'tnh8')"
830,"('姚贝娜 - 专辑《甄嬛传原声大碟》整轨无损.wav下载地址', 'http://pan.baidu.com/s/1pLuI6RD', 'm8wu')"
831,"('林海 - 专辑《月光边境》整轨无损.wav下载地址', 'http://pan.baidu.com/s/1hqyz3LU', 'd52r')"
832,"('曹轩宾 - 专辑《你的三次方》整轨无损.wav下载地址', 'http://pan.baidu.com/s/1ntwnyqt', 'bqho')"
833,"('久石让 - 专辑《入殓师-Okuribito》整轨无损.wav下载地址', 'http://pan.baidu.com/s/1kV1Di1x', '48fs')"
834,"('龚玥 - 专辑《天音再现》整轨无损.wav下载地址', 'http://pan.baidu.com/s/1sjmBNWD', '33ef')"
835,"('陈思思 - 专辑《中国梦》整轨无损.wav下载地址', 'http://pan.baidu.com/s/1Vfqe', 'kfju')"
836,"('黄耀明 - 专辑《明日之歌厅音乐会 Live》整轨无损2CD.wav下载地址', 'http://pan.baidu.com/s/18M3PO', 'pigb')"
837,"('李健 - 专辑《依然》整轨无损.flac下载地址', 'http://pan.baidu.com/s/1eQziJK2', 'qyn3')"
838,"('陈瑞 - 专辑《红尘叹》整轨无损.wav下载地址', 'http://pan.baidu.com/s/1o6HiAfg', 'svl9')"
839,"('张玮玮 - 专辑《白银饭店》整轨无损.flac下载地址', 'http://pan.baidu.com/s/1jGoQBdW', 'bet0')"
840,"('郭采洁 - 专辑《给他》分轨无损.flac下载地址', 'http://pan.baidu.com/s/1ldoNO', 'og31')"
841,"('五月天 - 专辑《爱情万岁》整轨无损.ape下载地址', 'http://pan.baidu.com/s/1pJ6X4qJ', 'hiti')"
842,"('周杰伦 - 专辑《12新作》分轨无损.ape下载地址', 'http://pan.baidu.com/s/1kTgbyAV', '8vea')"
843,"('王杰 - 专辑《谁明浪子心》整轨无损.ape下载地址', 'http://pan.baidu.com/s/1dDrcJtR', '59zs')"
844,"('伍佰 - 专辑《伍佰精选-滚石香港黄金十年》整轨无损.ape下载地址', 'http://pan.baidu.com/s/1qWPmqKW', 'fmex')"
845,"('张国荣 - 专辑《金曲经典》整轨无损.ape下载地址', 'http://pan.baidu.com/s/1kTLYFdX', 'qeb2')"
846,"('伍佰 - 专辑《爱上别人是快乐的事》整轨无损.ape下载地址', 'http://pan.baidu.com/s/1jGC7nIQ', 'io70')"
847,"('萧敬腾 - 专辑《王妃》整轨无损.ape下载地址', 'http://pan.baidu.com/s/1mgv8kic', 'tht6')"
848,"('五月天 - 专辑《第168场演唱会 台北体育场全纪录》整轨无损.ape下载地址', 'http://pan.baidu.com/s/1mgskC7u', 'xh8d')"
849,"('许巍 - 专辑《爱如少年》无损整轨.ape下载地址', 'http://pan.baidu.com/s/1kT7L2Dp', '52yp')"
850,"('王杰 - 专辑《万岁2001》整轨无损.ape下载地址', 'http://pan.baidu.com/s/1ntiEVfN', 'ills')"
851,"('张国荣 - 专辑《张国荣88演唱会》整轨无损2CD.ape下载地址', 'http://pan.baidu.com/s/1c0vO5PY', 'a8m1')"
852,"('Beyond - 专辑《Beyond1991生命接触演唱会》整轨无损.ape下载地址', 'http://pan.baidu.com/s/1eQzOkYQ', 'nl24')"
853,"('赵传 - 专辑《精挑细选精选集》整轨无损.ape下载地址', 'http://pan.baidu.com/s/1qWCvbek', 'yqh1')"
854,"('张学友 - 专辑《一生跟你走 (年度代表作品辑)》整轨无损.ape下载地址', 'http://pan.baidu.com/s/1geEuhnt', '3eow')"
855,"('群星 - 专辑《梦开始的地方》整轨无损.wav下载地址', 'http://pan.baidu.com/s/1eQpEAxs', 'g18f')"
856,"('刘德华 - 专辑《经典重现3CD》整轨无损.flac下载地址', 'http://pan.baidu.com/s/1o8M3hvO', 'd0gz')"
857,"('王力宏 - 专辑《火力全开(新歌+精选)》整轨无损.ape下载地址', 'http://pan.baidu.com/s/1nvoHi57', 'a3bl')"
858,"('陈奕迅 - 专辑《The Best Moment精选》整轨无损3CD.ape下载地址', 'http://pan.baidu.com/s/1o6LS20M', '71qr')"
859,"('曲婉婷 - 专辑《Say The Words我为你歌唱》整轨无损.wav下载地址', 'http://pan.baidu.com/s/1jH8jKQM', '32g4')"
860,"('许巍 - 专辑《此时此刻》无损分轨.wav下载地址', 'http://pan.baidu.com/s/1i31JPpN', 'ue3j')"
861,"('梁静茹 - 专辑《一夜长大》整轨无损.ape下载地址', 'http://pan.baidu.com/s/1i3wufUt', 'zp6m')"
862,"('张国荣 - 专辑《张国荣LPCD45》整轨无损.ape下载地址', 'http://pan.baidu.com/s/1gdBrrxh', 'e5dh')"
863,"('陶喆 - 专辑《太美丽(台湾原版)》整轨无损.ape下载地址', 'http://pan.baidu.com/s/1sjJK3P7', '2o4u')"
864,"('汪峰 - 专辑《生来彷徨》整轨无损.ape下载地址', 'http://pan.baidu.com/s/1o6NorEE', 'mj5s')"
865,"('李代沫 - 专辑《敏感者》整轨无损.ape下载地址', 'http://pan.baidu.com/s/1kTyXQ8f', '7vr8')"
866,"('崔健 - 专辑《新长征路上的摇滚》整轨无损.ape下载地址', 'http://pan.baidu.com/s/1dDmsT9n', 'qjsm')"
867,"('Beyond - 专辑《滚石香港黄金十年-Beyond精选》整轨无损.ape下载地址', 'http://pan.baidu.com/s/1gdh5gYZ', 'h2cx')"
868,"('许巍 - 专辑《时光·漫步》整轨无损.ape下载地址', 'http://pan.baidu.com/s/1jGvClKE', '55lb')"
869,"('久石让 - 专辑《菊次郎的夏天》整轨无损.ape下载地址', 'http://pan.baidu.com/s/1ntMA23v', '58mu')"
870,"('罗大佑 - 专辑《之乎者也》整轨无损.wav下载地址', 'http://pan.baidu.com/s/1bnrMKj1', 'vln5')"
871,"('信乐团 - 专辑《天高地厚》整轨无损.flac下载地址', 'http://pan.baidu.com/s/1ntv6eiX', 'mwsk')"
872,"('降央卓玛 - 专辑《飘荡的回忆》整轨无损.flac下载地址', 'http://pan.baidu.com/s/1kT4xCEj', 'sbiw')"
873,"('陶喆 - 专辑《黑色柳丁》整轨无损.ape下载地址', 'http://pan.baidu.com/s/1qWI0C80', '54r9')"
874,"('孙燕姿 - 专辑《克卜勒》整轨无损.flac下载地址', 'http://pan.baidu.com/s/1eQzijEa', 'im3t')"
875,"('邓紫棋 - 专辑《G.E.M》分轨无损.flac下载地址', 'http://pan.baidu.com/s/1dEFeibR', 'd0n4')"
876,"('群星 - 专辑《宝丽金最受欢迎女巨星金曲精选》整轨无损.ape下载地址', 'http://pan.baidu.com/s/1o6r0soa', 'bh84')"
877,"('任贤齐 - 专辑《滚石香港黄金十年 任贤齐精选》分轨无损.flac下载地址', 'http://pan.baidu.com/s/1dF5k0PN', 'qmo9')"
878,"('刘德华 - 专辑《爱在刻骨铭心时》整轨无损.wav下载地址', 'http://pan.baidu.com/s/1i3zIkVN', 'mr8l')"
879,"('苏芮 - 专辑《20年特别选》整轨无损.ape下载地址', 'http://pan.baidu.com/s/1c0pcMS4', 'p5yu')"
880,"('张信哲 - 专辑《张信哲Jeff情歌精选2CD》整轨无损.ape下载地址', 'http://pan.baidu.com/s/1qWsciHu', '6u4l')"
881,"('卢冠廷 - 专辑《天鸟》整轨无损.ape下载地址', 'http://pan.baidu.com/s/1qW373I0', 'e8qf')"
882,"('邓丽君 - 专辑《试音邓丽君(DXD》整轨无损.ape下载地址', 'http://pan.baidu.com/s/1skDvi2L', '3jb2')"
883,"('动力火车 - 专辑《UPS不断电》分轨无损.flac下载地址', 'http://pan.baidu.com/s/1sjuccyh', 'k3cv')"
884,"('蔡依林 - 专辑《MUSE》整轨无损.flac下载地址', 'http://pan.baidu.com/s/1dDxisgh', '2ct7')"
885,"('林俊杰 - 专辑《乐行者》整轨无损.wav下载地址', 'http://pan.baidu.com/s/1pJHgJph', 'jf6q')"
886,"('蔡琴 - 专辑《试音.蔡琴》整轨无损.ape下载地址', 'http://pan.baidu.com/s/1eQosNrO', '85mf')"
887,"('五月天 - 专辑《知足》整轨无损.flac下载地址', 'http://pan.baidu.com/s/1sjJe6IT', 'rqfi')"
888,"('周华健 - 专辑《江湖》分轨无损.wav下载地址', 'http://pan.baidu.com/s/1jG9jzSi', 'izyu')"
889,"('周传雄 - 专辑《小刚-精选专辑》整轨无损.ape下载地址', 'http://pan.baidu.com/s/1dD7XFjF', '5hpx')"
890,"('谭咏麟 - 专辑《谭咏麟94纯金曲演唱会》整轨无损2CD.ape下载地址', 'http://pan.baidu.com/s/1qYKycKc', 'cwy2')"
891,"('齐秦 - 专辑《流金十载·齐秦全记录》整轨无损.flac下载地址', 'http://pan.baidu.com/s/1dDFzo2H', 'y9da')"
892,"('田震 - 专辑《震撼（金典首版特惠）》整轨无损.wav下载地址', 'http://pan.baidu.com/s/1bnpLg0B', 'ztvl')"
893,"('迪克牛仔 - 专辑《黄金十载》整轨无损.ape下载地址', 'http://pan.baidu.com/s/1i39RyLn', 'gick')"
894,"('莫文蔚 - 专辑《滚石香港黄金十年-莫文蔚精选》整轨无损.ape下载地址', 'http://pan.baidu.com/s/1ntlwJsl', '39kp')"
895,"('张宇 - 专辑《雨一直下》整轨无损.wav下载地址', 'http://pan.baidu.com/s/1c0hBA0o', '2v7p')"
896,"('庾澄庆 - 专辑《关不掉的月光》分轨无损.flac下载地址', 'http://pan.baidu.com/s/1qWCuUHu', 'xlrm')"
897,"('杨宗纬 - 专辑《初爱》分轨无损.flac下载地址', 'http://pan.baidu.com/s/1c0eT3Yo', 'b6ny')"
898,"('庄心妍 - 专辑《一万个舍不得》整轨无损.flac下载地址', 'http://pan.baidu.com/s/1mgyVSJu', '9gii')"
899,"('SHE - 专辑《Together》整轨无损.ape下载地址', 'http://pan.baidu.com/s/1i3BnpfJ', 'ghjy')"
900,"('张雨生 - 专辑《还是朋友》整轨无损.ape下载地址', 'http://pan.baidu.com/s/1eQmWT8I', 'iblj')"
901,"('刘若英 - 专辑《在一起》整轨无损.flac下载地址', 'http://pan.baidu.com/s/1dEO8mT7', 'gc5s')"
902,"('田馥甄 - 专辑《渺小》整轨无损.wav下载地址', 'http://pan.baidu.com/s/1dFikijv', '0qtq')"
903,"('梦然 - 专辑《假装洒脱》整轨无损.wav下载地址', 'http://pan.baidu.com/s/1c0zSj88', '4lkf')"
904,"('祁隆 - 专辑《醉相思》整轨无损.wav下载地址', 'http://pan.baidu.com/s/1bnjFj2J', '2l7l')"
905,"('那英 - 专辑《那英精选.知英情歌》分轨无损.flac下载地址', 'http://pan.baidu.com/s/1hqghkIK', 'n7sz')"
906,"(""DEPAPEPE - 专辑《Let's Go!!!》整轨无损.wav下载地址"", 'http://pan.baidu.com/s/1hrHbk6C', 'ylq9')"
907,"('刘德华 - 原声大碟《爱君如梦 电影原声带》整轨无损.flac下载地址', 'http://pan.baidu.com/s/1c0w4vx2', 'psii')"
908,"('李克勤 - 专辑《Hackenation》整轨无损.wav下载地址', 'http://pan.baidu.com/s/1pJ5BmOz', '4fxu')"
909,"('五月天 - 专辑《摇滚本事》整轨无损.ape下载地址', 'http://pan.baidu.com/s/1pJv2so7', 'tx6y')"
910,"('张韶涵 - 专辑《Angela Zhang》分轨无损.flac下载地址', 'http://pan.baidu.com/s/1nt5FqwL', 'myof')"
911,"('张震岳 - 专辑《两手空空》整轨无损.flac下载地址', 'http://pan.baidu.com/s/1jGgIU1o', 'ao6p')"
912,"('万晓利 - 专辑《走过来走过去》分轨无损.wav下载地址', 'http://pan.baidu.com/s/1gdHwX1p', 'kbtp')"
913,"('Michael Jackson - 专辑《Thriller》分轨无损.flac下载地址', 'http://pan.baidu.com/s/1sjHIAIT', 'gwvc')"
914,"('黄大炜 - 专辑《秋天1944》整轨无损.ape下载地址', 'http://pan.baidu.com/s/1hqva0zM', 'n57h')"
915,"('A-Lin - 专辑《以前以后》分轨无损.wav下载地址', 'http://pan.baidu.com/s/18JXqm', 'vyjd')"
916,"('张惠妹 - 专辑《你在看我吗》分轨无损.flac下载地址', 'http://pan.baidu.com/s/1ntr2DU5', 'nbp8')"
917,"('李宇春 - 专辑《再不疯狂我们就老了》分轨无损.flac下载地址', 'http://pan.baidu.com/s/1dDf7KcD', '14l4')"
918,"('梅艳芳 - 专辑《飞跃舞台》整轨无损.ape下载地址', 'http://pan.baidu.com/s/1hqFt25I', 'wcc9')"
919,"('黄舒骏 - 专辑《改变1995》整轨无损2CD.ape下载地址', 'http://pan.baidu.com/s/1jG40bDs', 'xz7r')"
920,"('蔡健雅 - 专辑《说到爱》分轨无损.flac下载地址', 'http://pan.baidu.com/s/1ntyUrNV', 'ttmn')"
921,"('张卫健 - 专辑《我不是张卫健》整轨无损.wav下载地址', 'http://pan.baidu.com/s/1mghv0yG', 'udhy')"
922,"('Adele - 专辑《21》分轨无损.wav下载地址', 'http://pan.baidu.com/s/1miEzztu', 's58t')"
923,"('李行亮 - 专辑《不忘初心》分轨无损.flac下载地址', 'http://pan.baidu.com/s/1dDgnPRj', '3xgs')"
924,"('林志炫 - 专辑《蒙娜丽莎的眼泪》整轨无损.ape下载地址', 'http://pan.baidu.com/s/1ntkbt3b', 'rzq7')"
925,"('孟庭苇 - 专辑《太阳出来了》整轨无损.flac下载地址', 'http://pan.baidu.com/s/1nt1Coop', '9b4f')"
926,"('江智民 - 专辑《试音江智民VS周虹》整轨无损.flac下载地址', 'http://pan.baidu.com/s/1gd028yJ', 'upv4')"
927,"('朱哲琴 - 专辑《月出》整轨无损.flac下载地址', 'http://pan.baidu.com/s/1sjEvyrz', '2ua5')"
928,"('陈楚生 - 专辑《冬去春来》整轨无损2CD.ape下载地址', 'http://pan.baidu.com/s/1dD7suHj', 'hgvl')"
929,"('郁可唯 - 专辑《失恋事小》分轨无损.flac下载地址', 'http://pan.baidu.com/s/1o6wQ9Fs', 'pwsu')"
930,"('范玮琪 - 专辑《爱,在一起》整轨无损.flac下载地址', 'http://pan.baidu.com/s/1gfspaSF', 'zgs1')"
931,"('王菲 - 专辑《唱游》整轨无损.flac下载地址', 'http://pan.baidu.com/s/1pJseSAZ', 'v4xm')"
932,"('张行 - 专辑《太阳雨》整轨无损.wav下载地址', 'http://pan.baidu.com/s/1c0s1v5Q', '97x1')"
933,"('刘鸿 - 专辑《87狂热》整轨无损.ape下载地址', 'http://pan.baidu.com/s/1gdzMMuJ', 'r76d')"
934,"('Beyond - 专辑《大地》国语版整轨无损.ape下载地址', 'http://pan.baidu.com/s/17y6ui', 'l72j')"
935,"('陈慧娴 - 专辑《陈慧娴LPCD45》整轨无损.wav下载地址', 'http://pan.baidu.com/s/1dD9usNn', 'r79i')"
936,"('王菲 - 专辑《1995 最精彩的演唱会2CD》整轨无损2CD.flac下载地址', 'http://pan.baidu.com/s/1mgKBzxI', 'wcfi')"
937,"('TAGMCLAREN audio - 专辑《01 试音方程式》(01 TEST TRACKS)整轨无损.flac下载地址', 'http://pan.baidu.com/s/1pJBHMWj', 'j8qu')"
938,"('郑伊健 - 专辑《2000 Beautiful Life 美丽人生》整轨无损.flac下载地址', 'http://pan.baidu.com/s/1qWAtR5q', '7phi')"
939,"('Michael Hoppe - 专辑《Solace》分轨无损.flac下载地址', 'http://pan.baidu.com/s/1i39mrlz', '492v')"
940,"('黎明 - 专辑《非我莫属》整轨无损.wav下载地址', 'http://pan.baidu.com/s/1kTp5w3t', '3fe1')"
941,"('群星 - 专辑《性感女神热辣中文迪士高》分轨无损.wav下载地址', 'http://pan.baidu.com/s/1eQIfRgQ', 'm3e9')"
